file,line,type,library,icon_name,context,label
assets\icons\index.ts,3,Asset_registry_entry,Asset registry definition,add_circle → add_circle.png,"add_circle: require('./add_circle.png'),",add circle → add circle.png
assets\icons\index.ts,4,Asset_registry_entry,Asset registry definition,add_circleActive → add_circle_active.png,"add_circleActive: require('./add_circle_active.png'),",add circle active → add circle active.png
assets\icons\index.ts,5,Asset_registry_entry,Asset registry definition,alarm → alarm.png,"alarm: require('./alarm.png'),",alarm → alarm.png
assets\icons\index.ts,6,Asset_registry_entry,Asset registry definition,area → area.png,"area: require('./area.png'),",area → area.png
assets\icons\index.ts,7,Asset_registry_entry,Asset registry definition,arrows → arrows.png,"arrows: require('./arrows.png'),",arrows → arrows.png
assets\icons\index.ts,8,Asset_registry_entry,Asset registry definition,arrows_h → arrows_h.png,"arrows_h: require('./arrows_h.png'),",arrows h → arrows h.png
assets\icons\index.ts,9,Asset_registry_entry,Asset registry definition,arrows_v → arrows_v.png,"arrows_v: require('./arrows_v.png'),",arrows v → arrows v.png
assets\icons\index.ts,10,Asset_registry_entry,Asset registry definition,arrow_down → arrow_down.png,"arrow_down: require('./arrow_down.png'),",arrow down → arrow down.png
assets\icons\index.ts,11,Asset_registry_entry,Asset registry definition,arrow_down_gray → arrow_down_gray.png,"arrow_down_gray: require('./arrow_down_gray.png'),",arrow down gray → arrow down gray.png
assets\icons\index.ts,12,Asset_registry_entry,Asset registry definition,arrow_left → arrow_left.png,"arrow_left: require('./arrow_left.png'),",arrow left → arrow left.png
assets\icons\index.ts,13,Asset_registry_entry,Asset registry definition,arrow_right → arrow_right.png,"arrow_right: require('./arrow_right.png'),",arrow right → arrow right.png
assets\icons\index.ts,14,Asset_registry_entry,Asset registry definition,arrow_up → arrow_up.png,"arrow_up: require('./arrow_up.png'),",arrow up → arrow up.png
assets\icons\index.ts,15,Asset_registry_entry,Asset registry definition,auto_service → auto_service.png,"auto_service: require('./auto_service.png'),",auto service → auto service.png
assets\icons\index.ts,16,Asset_registry_entry,Asset registry definition,azimuth → azimuth.png,"azimuth: require('./azimuth.png'),",azimuth → azimuth.png
assets\icons\index.ts,17,Asset_registry_entry,Asset registry definition,back_white → back_white.png,"back_white: require('./back_white.png'),",back white → back white.png
assets\icons\index.ts,18,Asset_registry_entry,Asset registry definition,bolt → bolt.png,"bolt: require('./bolt.png'),",bolt → bolt.png
assets\icons\index.ts,19,Asset_registry_entry,Asset registry definition,calendar → calendar.png,"calendar: require('./calendar.png'),",calendar → calendar.png
assets\icons\index.ts,20,Asset_registry_entry,Asset registry definition,camera → camera.png,"camera: require('./camera.png'),",camera → camera.png
assets\icons\index.ts,21,Asset_registry_entry,Asset registry definition,camera_filled → camera_filled.png,"camera_filled: require('./camera_filled.png'),",camera filled → camera filled.png
assets\icons\index.ts,22,Asset_registry_entry,Asset registry definition,cancel → cancel.png,"cancel: require('./cancel.png'),",cancel → cancel.png
assets\icons\index.ts,23,Asset_registry_entry,Asset registry definition,capture_and_edit → capture_and_edit.png,"capture_and_edit: require('./capture_and_edit.png'),",capture and edit → capture and edit.png
assets\icons\index.ts,24,Asset_registry_entry,Asset registry definition,capture_and_edit_inactive → capture_and_edit_inactive.png,"capture_and_edit_inactive: require('./capture_and_edit_inactive.png'),",capture and edit inactive → capture and edit inactive.png
assets\icons\index.ts,25,Asset_registry_entry,Asset registry definition,categories → categories.png,"categories: require('./categories.png'),",categories → categories.png
assets\icons\index.ts,26,Asset_registry_entry,Asset registry definition,category → category.png,"category: require('./category.png'),",category → category.png
assets\icons\index.ts,27,Asset_registry_entry,Asset registry definition,change_history → change_history.png,"change_history: require('./change_history.png'),",change history → change history.png
assets\icons\index.ts,28,Asset_registry_entry,Asset registry definition,chat → chat.png,"chat: require('./chat.png'),",chat → chat.png
assets\icons\index.ts,29,Asset_registry_entry,Asset registry definition,checklists → checklists.png,"checklists: require('./checklists.png'),",checklists → checklists.png
assets\icons\index.ts,30,Asset_registry_entry,Asset registry definition,checklists_add → checklists_add.png,"checklists_add: require('./checklists_add.png'),",checklists add → checklists add.png
assets\icons\index.ts,31,Asset_registry_entry,Asset registry definition,checkmark → checkmark.png,"checkmark: require('./checkmark.png'),",checkmark → checkmark.png
assets\icons\index.ts,32,Asset_registry_entry,Asset registry definition,chevron_left → chevron_left.png,"chevron_left: require('./chevron_left.png'),",chevron left → chevron left.png
assets\icons\index.ts,33,Asset_registry_entry,Asset registry definition,chevron_right → chevron_right.png,"chevron_right: require('./chevron_right.png'),",chevron right → chevron right.png
assets\icons\index.ts,34,Asset_registry_entry,Asset registry definition,circle → circle.png,"circle: require('./circle.png'),",circle → circle.png
assets\icons\index.ts,35,Asset_registry_entry,Asset registry definition,clock → clock.png,"clock: require('./clock.png'),",clock → clock.png
assets\icons\index.ts,36,Asset_registry_entry,Asset registry definition,close → close.png,"close: require('./close.png'),",close → close.png
assets\icons\index.ts,37,Asset_registry_entry,Asset registry definition,close_small → close_small.png,"close_small: require('./close_small.png'),",close small → close small.png
assets\icons\index.ts,38,Asset_registry_entry,Asset registry definition,comment_icon → comment-icon.png,"comment_icon: require('./comment-icon.png'),",comment icon → comment icon.png
assets\icons\index.ts,39,Asset_registry_entry,Asset registry definition,create_new_folder → create_new_folder.png,"create_new_folder: require('./create_new_folder.png'),",create new folder → create new folder.png
assets\icons\index.ts,40,Asset_registry_entry,Asset registry definition,customer_info → customer_info.png,"customer_info: require('./customer_info.png'),",customer info → customer info.png
assets\icons\index.ts,41,Asset_registry_entry,Asset registry definition,default_user → default_user.png,"default_user: require('./default_user.png'),",default user → default user.png
assets\icons\index.ts,42,Asset_registry_entry,Asset registry definition,designs → designs-icon.png,"designs: require('./designs-icon.png'),",designs → designs icon.png
assets\icons\index.ts,43,Asset_registry_entry,Asset registry definition,project_title → project-title-icon.png,"project_title: require('./project-title-icon.png'),",project title → project title icon.png
assets\icons\index.ts,44,Asset_registry_entry,Asset registry definition,site_data → site-data-icon.png,"site_data: require('./site-data-icon.png'),",site data → site data icon.png
assets\icons\index.ts,45,Asset_registry_entry,Asset registry definition,draw → draw.png,"draw: require('./draw.png'),",draw → draw.png
assets\icons\index.ts,46,Asset_registry_entry,Asset registry definition,drone → drone.png,"drone: require('./drone.png'),",drone → drone.png
assets\icons\index.ts,47,Asset_registry_entry,Asset registry definition,edit_location → edit_location.png,"edit_location: require('./edit_location.png'),",edit location → edit location.png
assets\icons\index.ts,48,Asset_registry_entry,Asset registry definition,edit_team → edit_team.png,"edit_team: require('./edit_team.png'),",edit team → edit team.png
assets\icons\index.ts,49,Asset_registry_entry,Asset registry definition,envelope → envelope.png,"envelope: require('./envelope.png'),",envelope → envelope.png
assets\icons\index.ts,50,Asset_registry_entry,Asset registry definition,exif_image_select → exif_image_select.png,"exif_image_select: require('./exif_image_select.png'),",exif image select → exif image select.png
assets\icons\index.ts,51,Asset_registry_entry,Asset registry definition,file → file_icon.png,"file: require('./file_icon.png'),",file → file icon.png
assets\icons\index.ts,52,Asset_registry_entry,Asset registry definition,file_marker → file_marker.png,"file_marker: require('./file_marker.png'),",file marker → file marker.png
assets\icons\index.ts,53,Asset_registry_entry,Asset registry definition,filter_list → filter_list.png,"filter_list: require('./filter_list.png'),",filter list → filter list.png
assets\icons\index.ts,54,Asset_registry_entry,Asset registry definition,folder_check → folder_check.png,"folder_check: require('./folder_check.png'),",folder check → folder check.png
assets\icons\index.ts,55,Asset_registry_entry,Asset registry definition,folder_icon → folder_icon.png,"folder_icon: require('./folder_icon.png'),",folder icon → folder icon.png
assets\icons\index.ts,56,Asset_registry_entry,Asset registry definition,folder_upload → folder_upload.png,"folder_upload: require('./folder_upload.png'),",folder upload → folder upload.png
assets\icons\index.ts,57,Asset_registry_entry,Asset registry definition,full_screen → full_screen.png,"full_screen: require('./full_screen.png'),",full screen → full screen.png
assets\icons\index.ts,58,Asset_registry_entry,Asset registry definition,full_size → full_size.png,"full_size: require('./full_size.png'),",full size → full size.png
assets\icons\index.ts,59,Asset_registry_entry,Asset registry definition,gallery → gallery.png,"gallery: require('./gallery.png'),",gallery → gallery.png
assets\icons\index.ts,60,Asset_registry_entry,Asset registry definition,hamburger → hamburger.png,"hamburger: require('./hamburger.png'),",hamburger → hamburger.png
assets\icons\index.ts,61,Asset_registry_entry,Asset registry definition,gallery_icon → gallery_icon.png,"gallery_icon: require('./gallery_icon.png'),",gallery icon → gallery icon.png
assets\icons\index.ts,62,Asset_registry_entry,Asset registry definition,hidden → hidden.png,"hidden: require('./hidden.png'),",hidden → hidden.png
assets\icons\index.ts,63,Asset_registry_entry,Asset registry definition,info → info.png,"info: require('./info.png'),",info → info.png
assets\icons\index.ts,64,Asset_registry_entry,Asset registry definition,layer → layer.png,"layer: require('./layer.png'),",layer → layer.png
assets\icons\index.ts,65,Asset_registry_entry,Asset registry definition,library → library.png,"library: require('./library.png'),",library → library.png
assets\icons\index.ts,66,Asset_registry_entry,Asset registry definition,list → list.png,"list: require('./list.png'),",list → list.png
assets\icons\index.ts,67,Asset_registry_entry,Asset registry definition,maintenance → maintenance.png,"maintenance: require('./maintenance.png'),",maintenance → maintenance.png
assets\icons\index.ts,68,Asset_registry_entry,Asset registry definition,map → map.png,"map: require('./map.png'),",map → map.png
assets\icons\index.ts,69,Asset_registry_entry,Asset registry definition,marker → marker.png,"marker: require('./marker.png'),",marker → marker.png
assets\icons\index.ts,70,Asset_registry_entry,Asset registry definition,more → more.png,"more: require('./more.png'),",more → more.png
assets\icons\index.ts,71,Asset_registry_entry,Asset registry definition,new_project → new_project.png,"new_project: require('./new_project.png'),",new project → new project.png
assets\icons\index.ts,72,Asset_registry_entry,Asset registry definition,new_note → new_note.png,"new_note: require('./new_note.png'),",new note → new note.png
assets\icons\index.ts,73,Asset_registry_entry,Asset registry definition,notes → notes.png,"notes: require('./notes.png'),",notes → notes.png
assets\icons\index.ts,74,Asset_registry_entry,Asset registry definition,notifications → notifications.png,"notifications: require('./notifications.png'),",notifications → notifications.png
assets\icons\index.ts,75,Asset_registry_entry,Asset registry definition,notifications_active → notifications_active.png,"notifications_active: require('./notifications_active.png'),",notifications active → notifications active.png
assets\icons\index.ts,76,Asset_registry_entry,Asset registry definition,pause → pause.png,"pause: require('./pause.png'),",pause → pause.png
assets\icons\index.ts,77,Asset_registry_entry,Asset registry definition,pencil → pencil.png,"pencil: require('./pencil.png'),",pencil → pencil.png
assets\icons\index.ts,78,Asset_registry_entry,Asset registry definition,play → play.png,"play: require('./play.png'),",play → play.png
assets\icons\index.ts,79,Asset_registry_entry,Asset registry definition,plus → plus.png,"plus: require('./plus.png'),",plus → plus.png
assets\icons\index.ts,80,Asset_registry_entry,Asset registry definition,profile → profile.png,"profile: require('./profile.png'),",profile → profile.png
assets\icons\index.ts,81,Asset_registry_entry,Asset registry definition,profile_active → profile_active.png,"profile_active: require('./profile_active.png'),",profile active → profile active.png
assets\icons\index.ts,82,Asset_registry_entry,Asset registry definition,projects → projects.png,"projects: require('./projects.png'),",projects → projects.png
assets\icons\index.ts,83,Asset_registry_entry,Asset registry definition,projects_active → projects_active.png,"projects_active: require('./projects_active.png'),",projects active → projects active.png
assets\icons\index.ts,84,Asset_registry_entry,Asset registry definition,question_mark → question_mark.png,"question_mark: require('./question_mark.png'),",question mark → question mark.png
assets\icons\index.ts,85,Asset_registry_entry,Asset registry definition,rapid_shot → rapid_shot.png,"rapid_shot: require('./rapid_shot.png'),",rapid shot → rapid shot.png
assets\icons\index.ts,86,Asset_registry_entry,Asset registry definition,record → record.png,"record: require('./record.png'),",record → record.png
assets\icons\index.ts,87,Asset_registry_entry,Asset registry definition,recording → recording.png,"recording: require('./recording.png'),",recording → recording.png
assets\icons\index.ts,88,Asset_registry_entry,Asset registry definition,reset → reset.png,"reset: require('./reset.png'),",reset → reset.png
assets\icons\index.ts,89,Asset_registry_entry,Asset registry definition,save → save.png,"save: require('./save.png'),",save → save.png
assets\icons\index.ts,90,Asset_registry_entry,Asset registry definition,search_icon → search_icon.png,"search_icon: require('./search_icon.png'),",search icon → search icon.png
assets\icons\index.ts,91,Asset_registry_entry,Asset registry definition,send → send.png,"send: require('./send.png'),",send → send.png
assets\icons\index.ts,92,Asset_registry_entry,Asset registry definition,setting_icon → setting_icon.png,"setting_icon: require('./setting_icon.png'),",setting icon → setting icon.png
assets\icons\index.ts,93,Asset_registry_entry,Asset registry definition,stop → stop.png,"stop: require('./stop.png'),",stop → stop.png
assets\icons\index.ts,94,Asset_registry_entry,Asset registry definition,tag → tag.png,"tag: require('./tag.png'),",tag → tag.png
assets\icons\index.ts,95,Asset_registry_entry,Asset registry definition,tasks → tasks.png,"tasks: require('./tasks.png'),",tasks → tasks.png
assets\icons\index.ts,96,Asset_registry_entry,Asset registry definition,tasks_active → tasks_active.png,"tasks_active: require('./tasks_active.png'),",tasks active → tasks active.png
assets\icons\index.ts,97,Asset_registry_entry,Asset registry definition,team_icon → team_icon.png,"team_icon: require('./team_icon.png'),",team icon → team icon.png
assets\icons\index.ts,98,Asset_registry_entry,Asset registry definition,team_tags → team_tags.png,"team_tags: require('./team_tags.png'),",team tags → team tags.png
assets\icons\index.ts,99,Asset_registry_entry,Asset registry definition,tick → tick.png,"tick: require('./tick.png'),",tick → tick.png
assets\icons\index.ts,100,Asset_registry_entry,Asset registry definition,tilt → tilt.png,"tilt: require('./tilt.png'),",tilt → tilt.png
assets\icons\index.ts,101,Asset_registry_entry,Asset registry definition,trash_icon → trash_icon.png,"trash_icon: require('./trash_icon.png'),",trash icon → trash icon.png
assets\icons\index.ts,102,Asset_registry_entry,Asset registry definition,undo → undo.png,"undo: require('./undo.png'),",undo → undo.png
assets\icons\index.ts,103,Asset_registry_entry,Asset registry definition,up_right_from_square → up_right_from_square.png,"up_right_from_square: require('./up_right_from_square.png'),",up right from square → up right from square.png
assets\icons\index.ts,104,Asset_registry_entry,Asset registry definition,upload → upload.png,"upload: require('./upload.png'),",upload → upload.png
assets\icons\index.ts,105,Asset_registry_entry,Asset registry definition,upload_2 → upload_2.png,"upload_2: require('./upload_2.png'),",upload 2 → upload 2.png
assets\icons\index.ts,106,Asset_registry_entry,Asset registry definition,visible → visible.png,"visible: require('./visible.png'),",visible → visible.png
assets\icons\index.ts,107,Asset_registry_entry,Asset registry definition,warning → warning.png,"warning: require('./warning.png'),",warning → warning.png
assets\icons\index.ts,108,Asset_registry_entry,Asset registry definition,white_close → white_close.png,"white_close: require('./white_close.png'),",white close → white close.png
assets\icons\index.ts,109,Asset_registry_entry,Asset registry definition,rotate_icon → rotate_icon.png,"rotate_icon: require('./rotate_icon.png'),",rotate icon → rotate icon.png
assets\icons\index.ts,3,Image_require,Local asset require(),./add_circle.png,"add_circle: require('./add_circle.png'),",./add circle.png
assets\icons\index.ts,4,Image_require,Local asset require(),./add_circle_active.png,"add_circleActive: require('./add_circle_active.png'),",./add circle active.png
assets\icons\index.ts,5,Image_require,Local asset require(),./alarm.png,"alarm: require('./alarm.png'),",./alarm.png
assets\icons\index.ts,6,Image_require,Local asset require(),./area.png,"area: require('./area.png'),",./area.png
assets\icons\index.ts,7,Image_require,Local asset require(),./arrows.png,"arrows: require('./arrows.png'),",./arrows.png
assets\icons\index.ts,8,Image_require,Local asset require(),./arrows_h.png,"arrows_h: require('./arrows_h.png'),",./arrows h.png
assets\icons\index.ts,9,Image_require,Local asset require(),./arrows_v.png,"arrows_v: require('./arrows_v.png'),",./arrows v.png
assets\icons\index.ts,10,Image_require,Local asset require(),./arrow_down.png,"arrow_down: require('./arrow_down.png'),",./arrow down.png
assets\icons\index.ts,11,Image_require,Local asset require(),./arrow_down_gray.png,"arrow_down_gray: require('./arrow_down_gray.png'),",./arrow down gray.png
assets\icons\index.ts,12,Image_require,Local asset require(),./arrow_left.png,"arrow_left: require('./arrow_left.png'),",./arrow left.png
assets\icons\index.ts,13,Image_require,Local asset require(),./arrow_right.png,"arrow_right: require('./arrow_right.png'),",./arrow right.png
assets\icons\index.ts,14,Image_require,Local asset require(),./arrow_up.png,"arrow_up: require('./arrow_up.png'),",./arrow up.png
assets\icons\index.ts,15,Image_require,Local asset require(),./auto_service.png,"auto_service: require('./auto_service.png'),",./auto service.png
assets\icons\index.ts,16,Image_require,Local asset require(),./azimuth.png,"azimuth: require('./azimuth.png'),",./azimuth.png
assets\icons\index.ts,17,Image_require,Local asset require(),./back_white.png,"back_white: require('./back_white.png'),",./back white.png
assets\icons\index.ts,18,Image_require,Local asset require(),./bolt.png,"bolt: require('./bolt.png'),",./bolt.png
assets\icons\index.ts,19,Image_require,Local asset require(),./calendar.png,"calendar: require('./calendar.png'),",./calendar.png
assets\icons\index.ts,20,Image_require,Local asset require(),./camera.png,"camera: require('./camera.png'),",./camera.png
assets\icons\index.ts,21,Image_require,Local asset require(),./camera_filled.png,"camera_filled: require('./camera_filled.png'),",./camera filled.png
assets\icons\index.ts,22,Image_require,Local asset require(),./cancel.png,"cancel: require('./cancel.png'),",./cancel.png
assets\icons\index.ts,23,Image_require,Local asset require(),./capture_and_edit.png,"capture_and_edit: require('./capture_and_edit.png'),",./capture and edit.png
assets\icons\index.ts,24,Image_require,Local asset require(),./capture_and_edit_inactive.png,"capture_and_edit_inactive: require('./capture_and_edit_inactive.png'),",./capture and edit inactive.png
assets\icons\index.ts,25,Image_require,Local asset require(),./categories.png,"categories: require('./categories.png'),",./categories.png
assets\icons\index.ts,26,Image_require,Local asset require(),./category.png,"category: require('./category.png'),",./category.png
assets\icons\index.ts,27,Image_require,Local asset require(),./change_history.png,"change_history: require('./change_history.png'),",./change history.png
assets\icons\index.ts,28,Image_require,Local asset require(),./chat.png,"chat: require('./chat.png'),",./chat.png
assets\icons\index.ts,29,Image_require,Local asset require(),./checklists.png,"checklists: require('./checklists.png'),",./checklists.png
assets\icons\index.ts,30,Image_require,Local asset require(),./checklists_add.png,"checklists_add: require('./checklists_add.png'),",./checklists add.png
assets\icons\index.ts,31,Image_require,Local asset require(),./checkmark.png,"checkmark: require('./checkmark.png'),",./checkmark.png
assets\icons\index.ts,32,Image_require,Local asset require(),./chevron_left.png,"chevron_left: require('./chevron_left.png'),",./chevron left.png
assets\icons\index.ts,33,Image_require,Local asset require(),./chevron_right.png,"chevron_right: require('./chevron_right.png'),",./chevron right.png
assets\icons\index.ts,34,Image_require,Local asset require(),./circle.png,"circle: require('./circle.png'),",./circle.png
assets\icons\index.ts,35,Image_require,Local asset require(),./clock.png,"clock: require('./clock.png'),",./clock.png
assets\icons\index.ts,36,Image_require,Local asset require(),./close.png,"close: require('./close.png'),",./close.png
assets\icons\index.ts,37,Image_require,Local asset require(),./close_small.png,"close_small: require('./close_small.png'),",./close small.png
assets\icons\index.ts,38,Image_require,Local asset require(),./comment-icon.png,"comment_icon: require('./comment-icon.png'),",./comment icon.png
assets\icons\index.ts,39,Image_require,Local asset require(),./create_new_folder.png,"create_new_folder: require('./create_new_folder.png'),",./create new folder.png
assets\icons\index.ts,40,Image_require,Local asset require(),./customer_info.png,"customer_info: require('./customer_info.png'),",./customer info.png
assets\icons\index.ts,41,Image_require,Local asset require(),./default_user.png,"default_user: require('./default_user.png'),",./default user.png
assets\icons\index.ts,42,Image_require,Local asset require(),./designs-icon.png,"designs: require('./designs-icon.png'),",./designs icon.png
assets\icons\index.ts,43,Image_require,Local asset require(),./project-title-icon.png,"project_title: require('./project-title-icon.png'),",./project title icon.png
assets\icons\index.ts,44,Image_require,Local asset require(),./site-data-icon.png,"site_data: require('./site-data-icon.png'),",./site data icon.png
assets\icons\index.ts,45,Image_require,Local asset require(),./draw.png,"draw: require('./draw.png'),",./draw.png
assets\icons\index.ts,46,Image_require,Local asset require(),./drone.png,"drone: require('./drone.png'),",./drone.png
assets\icons\index.ts,47,Image_require,Local asset require(),./edit_location.png,"edit_location: require('./edit_location.png'),",./edit location.png
assets\icons\index.ts,48,Image_require,Local asset require(),./edit_team.png,"edit_team: require('./edit_team.png'),",./edit team.png
assets\icons\index.ts,49,Image_require,Local asset require(),./envelope.png,"envelope: require('./envelope.png'),",./envelope.png
assets\icons\index.ts,50,Image_require,Local asset require(),./exif_image_select.png,"exif_image_select: require('./exif_image_select.png'),",./exif image select.png
assets\icons\index.ts,51,Image_require,Local asset require(),./file_icon.png,"file: require('./file_icon.png'),",./file icon.png
assets\icons\index.ts,52,Image_require,Local asset require(),./file_marker.png,"file_marker: require('./file_marker.png'),",./file marker.png
assets\icons\index.ts,53,Image_require,Local asset require(),./filter_list.png,"filter_list: require('./filter_list.png'),",./filter list.png
assets\icons\index.ts,54,Image_require,Local asset require(),./folder_check.png,"folder_check: require('./folder_check.png'),",./folder check.png
assets\icons\index.ts,55,Image_require,Local asset require(),./folder_icon.png,"folder_icon: require('./folder_icon.png'),",./folder icon.png
assets\icons\index.ts,56,Image_require,Local asset require(),./folder_upload.png,"folder_upload: require('./folder_upload.png'),",./folder upload.png
assets\icons\index.ts,57,Image_require,Local asset require(),./full_screen.png,"full_screen: require('./full_screen.png'),",./full screen.png
assets\icons\index.ts,58,Image_require,Local asset require(),./full_size.png,"full_size: require('./full_size.png'),",./full size.png
assets\icons\index.ts,59,Image_require,Local asset require(),./gallery.png,"gallery: require('./gallery.png'),",./gallery.png
assets\icons\index.ts,60,Image_require,Local asset require(),./hamburger.png,"hamburger: require('./hamburger.png'),",./hamburger.png
assets\icons\index.ts,61,Image_require,Local asset require(),./gallery_icon.png,"gallery_icon: require('./gallery_icon.png'),",./gallery icon.png
assets\icons\index.ts,62,Image_require,Local asset require(),./hidden.png,"hidden: require('./hidden.png'),",./hidden.png
assets\icons\index.ts,63,Image_require,Local asset require(),./info.png,"info: require('./info.png'),",./info.png
assets\icons\index.ts,64,Image_require,Local asset require(),./layer.png,"layer: require('./layer.png'),",./layer.png
assets\icons\index.ts,65,Image_require,Local asset require(),./library.png,"library: require('./library.png'),",./library.png
assets\icons\index.ts,66,Image_require,Local asset require(),./list.png,"list: require('./list.png'),",./list.png
assets\icons\index.ts,67,Image_require,Local asset require(),./maintenance.png,"maintenance: require('./maintenance.png'),",./maintenance.png
assets\icons\index.ts,68,Image_require,Local asset require(),./map.png,"map: require('./map.png'),",./map.png
assets\icons\index.ts,69,Image_require,Local asset require(),./marker.png,"marker: require('./marker.png'),",./marker.png
assets\icons\index.ts,70,Image_require,Local asset require(),./more.png,"more: require('./more.png'),",./more.png
assets\icons\index.ts,71,Image_require,Local asset require(),./new_project.png,"new_project: require('./new_project.png'),",./new project.png
assets\icons\index.ts,72,Image_require,Local asset require(),./new_note.png,"new_note: require('./new_note.png'),",./new note.png
assets\icons\index.ts,73,Image_require,Local asset require(),./notes.png,"notes: require('./notes.png'),",./notes.png
assets\icons\index.ts,74,Image_require,Local asset require(),./notifications.png,"notifications: require('./notifications.png'),",./notifications.png
assets\icons\index.ts,75,Image_require,Local asset require(),./notifications_active.png,"notifications_active: require('./notifications_active.png'),",./notifications active.png
assets\icons\index.ts,76,Image_require,Local asset require(),./pause.png,"pause: require('./pause.png'),",./pause.png
assets\icons\index.ts,77,Image_require,Local asset require(),./pencil.png,"pencil: require('./pencil.png'),",./pencil.png
assets\icons\index.ts,78,Image_require,Local asset require(),./play.png,"play: require('./play.png'),",./play.png
assets\icons\index.ts,79,Image_require,Local asset require(),./plus.png,"plus: require('./plus.png'),",./plus.png
assets\icons\index.ts,80,Image_require,Local asset require(),./profile.png,"profile: require('./profile.png'),",./profile.png
assets\icons\index.ts,81,Image_require,Local asset require(),./profile_active.png,"profile_active: require('./profile_active.png'),",./profile active.png
assets\icons\index.ts,82,Image_require,Local asset require(),./projects.png,"projects: require('./projects.png'),",./projects.png
assets\icons\index.ts,83,Image_require,Local asset require(),./projects_active.png,"projects_active: require('./projects_active.png'),",./projects active.png
assets\icons\index.ts,84,Image_require,Local asset require(),./question_mark.png,"question_mark: require('./question_mark.png'),",./question mark.png
assets\icons\index.ts,85,Image_require,Local asset require(),./rapid_shot.png,"rapid_shot: require('./rapid_shot.png'),",./rapid shot.png
assets\icons\index.ts,86,Image_require,Local asset require(),./record.png,"record: require('./record.png'),",./record.png
assets\icons\index.ts,87,Image_require,Local asset require(),./recording.png,"recording: require('./recording.png'),",./recording.png
assets\icons\index.ts,88,Image_require,Local asset require(),./reset.png,"reset: require('./reset.png'),",./reset.png
assets\icons\index.ts,89,Image_require,Local asset require(),./save.png,"save: require('./save.png'),",./save.png
assets\icons\index.ts,90,Image_require,Local asset require(),./search_icon.png,"search_icon: require('./search_icon.png'),",./search icon.png
assets\icons\index.ts,91,Image_require,Local asset require(),./send.png,"send: require('./send.png'),",./send.png
assets\icons\index.ts,92,Image_require,Local asset require(),./setting_icon.png,"setting_icon: require('./setting_icon.png'),",./setting icon.png
assets\icons\index.ts,93,Image_require,Local asset require(),./stop.png,"stop: require('./stop.png'),",./stop.png
assets\icons\index.ts,94,Image_require,Local asset require(),./tag.png,"tag: require('./tag.png'),",./tag.png
assets\icons\index.ts,95,Image_require,Local asset require(),./tasks.png,"tasks: require('./tasks.png'),",./tasks.png
assets\icons\index.ts,96,Image_require,Local asset require(),./tasks_active.png,"tasks_active: require('./tasks_active.png'),",./tasks active.png
assets\icons\index.ts,97,Image_require,Local asset require(),./team_icon.png,"team_icon: require('./team_icon.png'),",./team icon.png
assets\icons\index.ts,98,Image_require,Local asset require(),./team_tags.png,"team_tags: require('./team_tags.png'),",./team tags.png
assets\icons\index.ts,99,Image_require,Local asset require(),./tick.png,"tick: require('./tick.png'),",./tick.png
assets\icons\index.ts,100,Image_require,Local asset require(),./tilt.png,"tilt: require('./tilt.png'),",./tilt.png
assets\icons\index.ts,101,Image_require,Local asset require(),./trash_icon.png,"trash_icon: require('./trash_icon.png'),",./trash icon.png
assets\icons\index.ts,102,Image_require,Local asset require(),./undo.png,"undo: require('./undo.png'),",./undo.png
assets\icons\index.ts,103,Image_require,Local asset require(),./up_right_from_square.png,"up_right_from_square: require('./up_right_from_square.png'),",./up right from square.png
assets\icons\index.ts,104,Image_require,Local asset require(),./upload.png,"upload: require('./upload.png'),",./upload.png
assets\icons\index.ts,105,Image_require,Local asset require(),./upload_2.png,"upload_2: require('./upload_2.png'),",./upload 2.png
assets\icons\index.ts,106,Image_require,Local asset require(),./visible.png,"visible: require('./visible.png'),",./visible.png
assets\icons\index.ts,107,Image_require,Local asset require(),./warning.png,"warning: require('./warning.png'),",./warning.png
assets\icons\index.ts,108,Image_require,Local asset require(),./white_close.png,"white_close: require('./white_close.png'),",./white close.png
assets\icons\index.ts,109,Image_require,Local asset require(),./rotate_icon.png,"rotate_icon: require('./rotate_icon.png'),",./rotate icon.png
assets\images\index.ts,5,Asset_registry_entry,Asset registry definition,logo → logo.png,"logo: require('./logo.png'),",logo → logo.png
assets\images\index.ts,6,Asset_registry_entry,Asset registry definition,main → main.png,"main: require('./main.png'),",main → main.png
assets\images\index.ts,7,Asset_registry_entry,Asset registry definition,model → model.png,"model: require('./model.png'),",model → model.png
assets\images\index.ts,8,Asset_registry_entry,Asset registry definition,albums → albums.png,"albums: require('./albums.png'),",albums → albums.png
assets\images\index.ts,13,Asset_registry_entry,Asset registry definition,notes → notes.png,"notes: require('./notes.png'),",notes → notes.png
assets\images\index.ts,14,Asset_registry_entry,Asset registry definition,tasksImage → tasks_image.png,"tasksImage: require('./tasks_image.png'),",tasks image → tasks image.png
assets\images\index.ts,15,Asset_registry_entry,Asset registry definition,slider → slider.png,"slider: require('./slider.png'),",slider → slider.png
assets\images\index.ts,5,Image_require,Local asset require(),./logo.png,"logo: require('./logo.png'),",./logo.png
assets\images\index.ts,6,Image_require,Local asset require(),./main.png,"main: require('./main.png'),",./main.png
assets\images\index.ts,7,Image_require,Local asset require(),./model.png,"model: require('./model.png'),",./model.png
assets\images\index.ts,8,Image_require,Local asset require(),./albums.png,"albums: require('./albums.png'),",./albums.png
assets\images\index.ts,11,Image_require,Local asset require(),./splash_background_mobile.png,? require('./splash_background_mobile.png'),./splash background mobile.png
assets\images\index.ts,12,Image_require,Local asset require(),./splash_background_tablet.png,": require('./splash_background_tablet.png'),",./splash background tablet.png
assets\images\index.ts,13,Image_require,Local asset require(),./notes.png,"notes: require('./notes.png'),",./notes.png
assets\images\index.ts,14,Image_require,Local asset require(),./tasks_image.png,"tasksImage: require('./tasks_image.png'),",./tasks image.png
assets\images\index.ts,15,Image_require,Local asset require(),./slider.png,"slider: require('./slider.png'),",./slider.png
components\buttons\BackButton\BackButton.tsx,37,Asset_object_usage,Asset registry usage (icons),close → close.png,source={cancel ? icons.close : icons.arrow_left},close → close.png
components\buttons\BackButton\BackButton.tsx,37,Asset_object_usage,Asset registry usage (icons),arrow_left → arrow_left.png,source={cancel ? icons.close : icons.arrow_left},arrow left → arrow left.png
components\buttons\BackWhite\BackWhite.tsx,21,Asset_object_usage,Asset registry usage (icons),back_white → back_white.png,<Image source={icons.back_white} style={styles.icon} />,back white → back white.png
components\buttons\CloseButton\CloseButton.tsx,26,Asset_object_usage,Asset registry usage (icons),close → close.png,"<Image source={icons.close} style={[styles.icon, iconStyle]} />",close → close.png
components\buttons\EditButton\EditButton.tsx,24,Asset_object_usage,Asset registry usage (icons),pencil → pencil.png,source={icons.pencil},pencil → pencil.png
components\buttons\HamburgerButton\HamburgerButton.tsx,24,Asset_object_usage,Asset registry usage (icons),hamburger → hamburger.png,icon={icons.hamburger},hamburger → hamburger.png
components\buttons\Pill\Pill.tsx,24,Asset_object_usage,Asset registry usage (icons),white_close → white_close.png,<Image style={styles.removeIcon} source={icons.white_close} />,white close → white close.png
components\buttons\RotateButton\RotateButton.tsx,18,Asset_object_usage,Asset registry usage (icons),rotate_icon → rotate_icon.png,"<Image source={icons.rotate_icon} style={[styles.icon, iconStyle]} />",rotate icon → rotate icon.png
components\buttons\SaveButton\SaveButton.tsx,17,Asset_object_usage,Asset registry usage (icons),save → save.png,"<Image source={icons.save} style={[styles.iconImage, isDisabled && styles.iconDisabled]} />",save → save.png
components\buttons\ShareButton\ShareButton.tsx,61,Asset_object_usage,Asset registry usage (icons),send → send.png,"<Image source={icons.send} style={[styles.icon, iconStyle]} />",send → send.png
components\buttons\Tag\Tag.tsx,26,Asset_object_usage,Asset registry usage (icons),folder_icon → folder_icon.png,{icon && <Image source={icons.folder_icon} style={styles.icon} />},folder icon → folder icon.png
components\forms\Checkbox\Checkbox.tsx,33,Asset_object_usage,Asset registry usage (icons),tick → tick.png,"<Image style={[size ? { width: mvs(size * 0.6) } : {}, styles.image]} source={icons.tick} />",tick → tick.png
components\forms\CheckboxCard\CheckboxCard.tsx,25,Asset_object_usage,Asset registry usage (icons),plus → plus.png,inactiveIcon={icons.plus},plus → plus.png
components\forms\CustomerInfoForm\CustomerInfoFormEditable\CustomerInfoFormEditable.tsx,133,Asset_object_usage,Asset registry usage (icons),exif_image_select → exif_image_select.png,icon={icons.exif_image_select},exif image select → exif image select.png
components\forms\DateInput\DateInput.tsx,49,Asset_object_usage,Asset registry usage (icons),calendar → calendar.png,const icon = mode === 'date' ? icons.calendar : icons.clock;,calendar → calendar.png
components\forms\DateInput\DateInput.tsx,49,Asset_object_usage,Asset registry usage (icons),clock → clock.png,const icon = mode === 'date' ? icons.calendar : icons.clock;,clock → clock.png
components\forms\DateInput\DateInput.tsx,76,Asset_object_usage,Asset registry usage (icons),close → close.png,<Image source={icons.close} />,close → close.png
components\forms\DropDown\MultipleSelect\MultipleSelect.tsx,143,Asset_object_usage,Asset registry usage (icons),arrow_down_gray → arrow_down_gray.png,icon={icons.arrow_down_gray},arrow down gray → arrow down gray.png
components\forms\DropDown\MultipleSelect\MultipleSelect.tsx,173,Asset_object_usage,Asset registry usage (icons),close → close.png,<Image source={icons.close} />,close → close.png
components\forms\DropDown\Select\Select.tsx,126,Asset_object_usage,Asset registry usage (icons),arrow_down_gray → arrow_down_gray.png,icon={icons.arrow_down_gray},arrow down gray → arrow down gray.png
components\headers\ExifHeader\ExifHeader.tsx,122,Asset_object_usage,Asset registry usage (icons),azimuth → azimuth.png,icon={icons.azimuth},azimuth → azimuth.png
components\headers\ExifHeader\ExifHeader.tsx,130,Asset_object_usage,Asset registry usage (icons),azimuth → azimuth.png,icon={icons.azimuth},azimuth → azimuth.png
components\headers\ExifHeader\ExifHeader.tsx,139,Asset_object_usage,Asset registry usage (icons),tilt → tilt.png,icon={icons.tilt},tilt → tilt.png
components\headers\ExifHeader\ExifHeader.tsx,147,Asset_object_usage,Asset registry usage (icons),tilt → tilt.png,icon={icons.tilt},tilt → tilt.png
components\headers\ExifHeader\ExifHeader.tsx,156,Asset_object_usage,Asset registry usage (icons),change_history → change_history.png,icon={icons.change_history},change history → change history.png
components\headers\ExifHeader\ExifHeader.tsx,181,Asset_object_usage,Asset registry usage (icons),info → info.png,<Image source={icons.info} />,info → info.png
components\headers\ExifHeader\ExifHeader.tsx,187,Asset_object_usage,Asset registry usage (icons),layer → layer.png,<Image source={icons.layer} style={styles.headerIcon} />,layer → layer.png
components\headers\ExifHeader\ExifHeader.tsx,210,Asset_object_usage,Asset registry usage (icons),info → info.png,<Image source={icons.info} style={styles.infoIcon} />,info → info.png
components\headers\ExifHeader\BoundingBoxSection\BoundingBoxSection.tsx,24,Asset_object_usage,Asset registry usage (icons),area → area.png,<Image source={icons.area} style={styles.icon} />,area → area.png
components\headers\ExifHeader\BoundingBoxSection\BoundingBoxSection.tsx,33,Asset_object_usage,Asset registry usage (icons),categories → categories.png,<Image source={icons.categories} style={styles.icon} />,categories → categories.png
components\headers\Header\HeaderTitleButton\HeaderTitleButton.test.tsx,26,Asset_object_usage,Asset registry usage (icons),add_circle → add_circle.png,rerender(<HeaderTitleButton icon={icons.add_circle} />);,add circle → add circle.png
components\lists\CrudList\CrudList.test.tsx,38,Asset_object_usage,Asset registry usage (icons),create_new_folder → create_new_folder.png,icon={icons.create_new_folder},create new folder → create new folder.png
components\lists\CrudList\CrudList.tsx,201,Asset_object_usage,Asset registry usage (icons),pencil → pencil.png,"icon: icons.pencil,",pencil → pencil.png
components\lists\CrudList\CrudList.tsx,208,Asset_object_usage,Asset registry usage (icons),trash_icon → trash_icon.png,"icon: icons.trash_icon,",trash icon → trash icon.png
components\lists\ListMenuItem\ListMenuItem.test.tsx,20,Asset_object_usage,Asset registry usage (icons),customer_info → customer_info.png,"<ListMenuItem childItems={childItems} text=""Main row"" icon={icons.customer_info} />",customer info → customer info.png
components\lists\ListMenuItem\ListMenuItem.test.tsx,28,Asset_object_usage,Asset registry usage (icons),customer_info → customer_info.png,"<ListMenuItem childItems={childItems} text=""Main row"" icon={icons.customer_info} expanded />",customer info → customer info.png
components\lists\ListMenuItem\ListMenuItem.test.tsx,41,Asset_object_usage,Asset registry usage (icons),customer_info → customer_info.png,icon={icons.customer_info},customer info → customer info.png
components\lists\ListMenuItem\ListMenuItem.test.tsx,61,Asset_object_usage,Asset registry usage (icons),customer_info → customer_info.png,icon={icons.customer_info},customer info → customer info.png
components\lists\ListMenuItem\ListMenuItem.tsx,61,Asset_object_usage,Asset registry usage (icons),checkmark → checkmark.png,source={icons.checkmark},checkmark → checkmark.png
components\lists\ListMenuItem\ListMenuItem.tsx,72,Asset_object_usage,Asset registry usage (icons),arrow_down → arrow_down.png,source={collapsed ? icons.arrow_down : icons.arrow_up},arrow down → arrow down.png
components\lists\ListMenuItem\ListMenuItem.tsx,72,Asset_object_usage,Asset registry usage (icons),arrow_up → arrow_up.png,source={collapsed ? icons.arrow_down : icons.arrow_up},arrow up → arrow up.png
components\lists\MediaList\ChecklistMediaList\ChecklistMediaCell\ChecklistMediaCell.tsx,49,Asset_object_usage,Asset registry usage (icons),recording → recording.png,<Image source={icons.recording} style={styles.iconVideo} />,recording → recording.png
components\lists\MediaList\ChecklistMediaList\ChecklistMediaCell\ChecklistMediaCell.tsx,85,Asset_object_usage,Asset registry usage (icons),close → close.png,{isDeleting ? <Spin /> : <Image source={icons.close} style={styles.icon} />},close → close.png
components\lists\MediaList\EditableMediaList\EditableMediaCell\EditableMediaCell.tsx,55,Asset_object_usage,Asset registry usage (icons),recording → recording.png,<Image source={icons.recording} style={styles.iconVideo} />,recording → recording.png
components\lists\MediaList\EditableMediaList\EditableMediaCell\EditableMediaCell.tsx,101,Asset_object_usage,Asset registry usage (icons),close → close.png,<Image source={icons.close} style={styles.icon} />,close → close.png
components\lists\MediaList\EditableMediaList\EditableMediaCell\EditableMediaCell.tsx,112,Asset_object_usage,Asset registry usage (icons),checkmark → checkmark.png,<Image source={icons.checkmark} style={styles.icon} />,checkmark → checkmark.png
components\lists\MediaList\MediaListDeleteButton\MediaListDeleteButton.tsx,73,Asset_object_usage,Asset registry usage (icons),trash_icon → trash_icon.png,source={icons.trash_icon},trash icon → trash icon.png
components\lists\MediaList\NoteMediaList\NoteMediaCell\NoteMediaCell.tsx,49,Asset_object_usage,Asset registry usage (icons),recording → recording.png,<Image source={icons.recording} style={styles.iconVideo} />,recording → recording.png
components\lists\MediaList\NoteMediaList\NoteMediaCell\NoteMediaCell.tsx,83,Asset_object_usage,Asset registry usage (icons),close → close.png,{isDeleting ? <Spin /> : <Image source={icons.close} style={styles.icon} />},close → close.png
components\lists\MediaList\UploadedMediaList\UploadedMediaCell\UploadedMediaCell.tsx,63,Asset_object_usage,Asset registry usage (icons),recording → recording.png,<Image source={icons.recording} style={styles.iconVideo} />,recording → recording.png
components\lists\MediaList\UploadedMediaList\UploadedMediaCell\UploadedMediaCell.tsx,125,Asset_object_usage,Asset registry usage (icons),close → close.png,{isSelecting ? <Spin /> : <Image source={icons.close} style={styles.icon} />},close → close.png
components\lists\MediaList\UploadedMediaList\UploadedMediaCell\UploadedMediaCell.tsx,137,Asset_object_usage,Asset registry usage (icons),checkmark → checkmark.png,<Image source={icons.checkmark} style={styles.icon} />,checkmark → checkmark.png
components\lists\ProjectsListView\ProjectsListView.tsx,230,Asset_object_usage,Asset registry usage (icons),trash_icon → trash_icon.png,"icon: icons.trash_icon,",trash icon → trash icon.png
components\lists\ProjectsListView\ProjectsListView.tsx,242,Asset_object_usage,Asset registry usage (icons),play → play.png,"icon: icons.play,",play → play.png
components\lists\ProjectsListView\ProjectsListView.tsx,253,Asset_object_usage,Asset registry usage (icons),trash_icon → trash_icon.png,"icon: icons.trash_icon,",trash icon → trash icon.png
components\media\AlbumsMediaPicker\AlbumsMediaPicker.tsx,56,Asset_object_usage,Asset registry usage (icons),categories → categories.png,icon={item.type === ALBUM_TYPES.project ? icons.categories : icons.category},categories → categories.png
components\media\AlbumsMediaPicker\AlbumsMediaPicker.tsx,56,Asset_object_usage,Asset registry usage (icons),category → category.png,icon={item.type === ALBUM_TYPES.project ? icons.categories : icons.category},category → category.png
components\media\MediaCarousel\MediaCarousel.tsx,248,Asset_object_usage,Asset registry usage (icons),chevron_left → chevron_left.png,<Image source={icons.chevron_left} style={styles.icons} />,chevron left → chevron left.png
components\media\MediaCarousel\MediaCarousel.tsx,251,Asset_object_usage,Asset registry usage (icons),chevron_right → chevron_right.png,<Image source={icons.chevron_right} style={styles.icons} />,chevron right → chevron right.png
components\media\MediaCarousel\DeleteButton\DeleteButton.tsx,107,Asset_object_usage,Asset registry usage (icons),trash_icon → trash_icon.png,source={icons.trash_icon},trash icon → trash icon.png
components\media\MediaCarousel\EditButton\EditButton.tsx,106,Asset_object_usage,Asset registry usage (icons),pencil → pencil.png,<Image fsClass={FullstoryPrivacyType.unmasked} source={icons.pencil} style={styles.icon} />,pencil → pencil.png
components\media\MediaCarousel\HighResButton\HighResButton.tsx,1,RN_VectorIcons_Import,@react-native-vector-icons/fontawesome,Icon,,
components\media\MediaCarousel\MetaButton\MetaButton.tsx,21,Asset_object_usage,Asset registry usage (icons),info → info.png,<Image source={icons.info} style={styles.icon} />,info → info.png
components\media\MediaUploadPauseButton\MediaUploadPauseButton.tsx,51,Asset_object_usage,Asset registry usage (icons),play → play.png,<Image source={isPaused ? icons.play : icons.pause} style={styles.iconHeader} />,play → play.png
components\media\MediaUploadPauseButton\MediaUploadPauseButton.tsx,51,Asset_object_usage,Asset registry usage (icons),pause → pause.png,<Image source={isPaused ? icons.play : icons.pause} style={styles.iconHeader} />,pause → pause.png
components\modals\NotificationPickerModal\NotificationPickerModal.tsx,74,Asset_object_usage,Asset registry usage (icons),close → close.png,source={icons.close},close → close.png
components\modals\NotificationPickerModal\NotificationPickerModal.tsx,79,Asset_object_usage,Asset registry usage (icons),close → close.png,source={icons.close},close → close.png
components\modals\NotificationPickerModal\NotificationPickerModal.tsx,81,Asset_object_usage,Asset registry usage (icons),reset → reset.png,<StyledOptions type={onRefresh} text={t('Notifications.refresh')} source={icons.reset} />,reset → reset.png
components\modals\PickerModal\PickerModal.tsx,175,Asset_object_usage,Asset registry usage (icons),folder_icon → folder_icon.png,icon={icons.folder_icon},folder icon → folder icon.png
components\modals\PickerModal\PickerModal.tsx,185,Asset_object_usage,Asset registry usage (icons),library → library.png,icon={icons.library},library → library.png
components\modals\PickerModal\PickerModal.tsx,195,Asset_object_usage,Asset registry usage (icons),camera → camera.png,icon={icons.camera},camera → camera.png
routes\ApplicationTabBar\ApplicationTabBar.tsx,69,Asset_object_usage,Asset registry usage (icons),projects → projects.png,let icon: ImageSourcePropType = icons.projects;,projects → projects.png
routes\ApplicationTabBar\ApplicationTabBar.tsx,70,Asset_object_usage,Asset registry usage (icons),projects_active → projects_active.png,let activeIcon: ImageSourcePropType = icons.projects_active;,projects active → projects active.png
routes\ApplicationTabBar\ApplicationTabBar.tsx,73,Asset_object_usage,Asset registry usage (icons),new_project → new_project.png,icon = icons.new_project;,new project → new project.png
routes\ApplicationTabBar\ApplicationTabBar.tsx,74,Asset_object_usage,Asset registry usage (icons),new_project → new_project.png,activeIcon = icons.new_project;,new project → new project.png
routes\ApplicationTabBar\ApplicationTabBar.tsx,77,Asset_object_usage,Asset registry usage (icons),tasks → tasks.png,icon = icons.tasks;,tasks → tasks.png
routes\ApplicationTabBar\ApplicationTabBar.tsx,78,Asset_object_usage,Asset registry usage (icons),tasks_active → tasks_active.png,activeIcon = icons.tasks_active;,tasks active → tasks active.png
routes\ApplicationTabBar\ApplicationTabBar.tsx,81,Asset_object_usage,Asset registry usage (icons),notifications → notifications.png,icon = icons.notifications;,notifications → notifications.png
routes\ApplicationTabBar\ApplicationTabBar.tsx,82,Asset_object_usage,Asset registry usage (icons),notifications_active → notifications_active.png,activeIcon = icons.notifications_active;,notifications active → notifications active.png
routes\ApplicationTabBar\ApplicationTabBar.tsx,85,Asset_object_usage,Asset registry usage (icons),more → more.png,icon = icons.more;,more → more.png
routes\ApplicationTabBar\ApplicationTabBar.tsx,86,Asset_object_usage,Asset registry usage (icons),more → more.png,activeIcon = icons.more;,more → more.png
routes\ApplicationTabBar\ApplicationTabBar.tsx,151,Asset_object_usage,Asset registry usage (icons),reset → reset.png,<Badge icon={icons.reset} color={colors.lightBlue} style={styles.badge} />,reset → reset.png
screens\Album\components\Actions\Actions.tsx,38,Asset_object_usage,Asset registry usage (icons),recording → recording.png,icon={icons.recording},recording → recording.png
screens\Album\components\Actions\Actions.tsx,45,Asset_object_usage,Asset registry usage (icons),camera → camera.png,icon={icons.camera},camera → camera.png
screens\Album\components\Actions\Actions.tsx,52,Asset_object_usage,Asset registry usage (icons),upload → upload.png,icon={icons.upload},upload → upload.png
screens\Album\components\TopText\TopText.tsx,22,Asset_object_usage,Asset registry usage (images),albums → albums.png,<Image source={images.albums} style={styles.placeholderImage} />,albums → albums.png
screens\Albums\Albums.tsx,140,Asset_object_usage,Asset registry usage (icons),categories → categories.png,icon={item.type === ALBUM_TYPES.project ? icons.categories : icons.category},categories → categories.png
screens\Albums\Albums.tsx,140,Asset_object_usage,Asset registry usage (icons),category → category.png,icon={item.type === ALBUM_TYPES.project ? icons.categories : icons.category},category → category.png
screens\Albums\Albums.tsx,163,Asset_object_usage,Asset registry usage (icons),create_new_folder → create_new_folder.png,icon={icons.create_new_folder},create new folder → create new folder.png
screens\BoundingBox\components\Buttons\Buttons.tsx,39,Asset_object_usage,Asset registry usage (icons),gallery → gallery.png,icon={icons.gallery},gallery → gallery.png
screens\BoundingBox\components\Buttons\Buttons.tsx,46,Asset_object_usage,Asset registry usage (icons),upload → upload.png,icon={icons.upload},upload → upload.png
screens\BoundingBox\components\Buttons\Buttons.tsx,54,Asset_object_usage,Asset registry usage (icons),checkmark → checkmark.png,icon={icons.checkmark},checkmark → checkmark.png
screens\BoundingBox\components\CenterMarker\CenterMarker.tsx,45,Asset_object_usage,Asset registry usage (icons),arrows → arrows.png,<Image source={icons.arrows} style={styles.arrows} />,arrows → arrows.png
screens\BoundingBox\components\GeoJson\LineMarker\LineMarker.tsx,33,Asset_object_usage,Asset registry usage (icons),arrows_v → arrows_v.png,image={isArrowRotated ? icons.arrows_v : icons.arrows_h},arrows v → arrows v.png
screens\BoundingBox\components\GeoJson\LineMarker\LineMarker.tsx,33,Asset_object_usage,Asset registry usage (icons),arrows_h → arrows_h.png,image={isArrowRotated ? icons.arrows_v : icons.arrows_h},arrows h → arrows h.png
screens\BoundingBox\components\RotationMarker\RotationMarker.tsx,24,Asset_object_usage,Asset registry usage (icons),reset → reset.png,<Image source={icons.reset} style={styles.rotationIcon} />,reset → reset.png
screens\BoundingBox\components\RotationSlider\RotationSlider.tsx,47,Asset_object_usage,Asset registry usage (images),slider → slider.png,thumbImage={images.slider},slider → slider.png
screens\Camera\components\CameraFooter\PhotoFooter\PhotoFooter.tsx,30,Asset_object_usage,Asset registry usage (icons),capture_and_edit → capture_and_edit.png,? icons.capture_and_edit,capture and edit → capture and edit.png
screens\Camera\components\CameraFooter\PhotoFooter\PhotoFooter.tsx,31,Asset_object_usage,Asset registry usage (icons),capture_and_edit_inactive → capture_and_edit_inactive.png,: icons.capture_and_edit_inactive,capture and edit inactive → capture and edit inactive.png
screens\Camera\components\CameraFooter\PhotoFooter\PhotoFooter.tsx,42,Asset_object_usage,Asset registry usage (icons),camera → camera.png,icon={icons.camera},camera → camera.png
screens\Camera\components\CameraFooter\VideoFooter\VideoFooter.tsx,40,Asset_object_usage,Asset registry usage (icons),play → play.png,icon={isPaused ? icons.play : icons.pause},play → play.png
screens\Camera\components\CameraFooter\VideoFooter\VideoFooter.tsx,40,Asset_object_usage,Asset registry usage (icons),pause → pause.png,icon={isPaused ? icons.play : icons.pause},pause → pause.png
screens\Camera\components\CameraFooter\VideoFooter\VideoFooter.tsx,49,Asset_object_usage,Asset registry usage (icons),camera → camera.png,icon={icons.camera},camera → camera.png
screens\Camera\components\CameraHeader\CameraHeader.tsx,96,Asset_object_usage,Asset registry usage (icons),reset → reset.png,source={icons.reset},reset → reset.png
screens\Camera\components\CameraHeader\CameraHeader.tsx,114,Asset_object_usage,Asset registry usage (icons),bolt → bolt.png,source={icons.bolt},bolt → bolt.png
screens\Camera\components\CameraPermissions\CameraPermissions.tsx,132,Asset_object_usage,"Asset registry usage (images, unresolved)",splash_background,source={images.splash_background},splash background
screens\Camera\components\CameraPermissions\CameraPermissions.tsx,141,Asset_object_usage,Asset registry usage (images),main → main.png,<Image source={images.main} style={styles.logo} />,main → main.png
screens\Camera\components\CameraPermissions\CameraPermissions.tsx,157,Asset_object_usage,Asset registry usage (icons),checkmark → checkmark.png,<Image source={icons.checkmark} style={styles.icon} />,checkmark → checkmark.png
screens\Camera\components\CameraPermissions\CameraPermissions.tsx,174,Asset_object_usage,Asset registry usage (icons),checkmark → checkmark.png,<Image source={icons.checkmark} style={styles.icon} />,checkmark → checkmark.png
screens\Camera\components\CameraPermissions\CameraPermissions.tsx,187,Asset_object_usage,Asset registry usage (icons),checkmark → checkmark.png,<Image source={icons.checkmark} style={styles.icon} />,checkmark → checkmark.png
screens\Camera\components\CameraPermissions\CameraPermissions.tsx,196,Asset_object_usage,Asset registry usage (icons),checkmark → checkmark.png,<Image source={icons.checkmark} style={styles.icon} />,checkmark → checkmark.png
screens\Camera\components\CaptureButton\CaptureButton.tsx,117,Asset_object_usage,Asset registry usage (icons),stop → stop.png,<Image source={icons.stop} style={styles.stopIcon} />,stop → stop.png
screens\Camera\components\CaptureButton\CaptureButton.tsx,120,Asset_object_usage,Asset registry usage (icons),recording → recording.png,<Image source={icons.recording} style={styles.recordingIcon} />,recording → recording.png
screens\Camera\components\CaptureButton\CaptureButton.tsx,129,Asset_object_usage,Asset registry usage (icons),camera → camera.png,<Image source={icons.camera} style={styles.cameraIcon} />,camera → camera.png
screens\Camera\components\QueuedVideoFiles\QueuedVideoFiles.tsx,112,Asset_object_usage,Asset registry usage (icons),recording → recording.png,<Image source={icons.recording} style={styles.videoIndicator} />,recording → recording.png
screens\Camera\components\RecordingInfo\RecordingInfo.tsx,33,Asset_object_usage,Asset registry usage (icons),record → record.png,<Image source={icons.record} style={styles.timerIcon} />,record → record.png
screens\ChangePassword\ChangePassword.tsx,86,Asset_object_usage,Asset registry usage (icons),hidden → hidden.png,const icon = secureTextEntry ? icons.hidden : icons.visible;,hidden → hidden.png
screens\ChangePassword\ChangePassword.tsx,86,Asset_object_usage,Asset registry usage (icons),visible → visible.png,const icon = secureTextEntry ? icons.hidden : icons.visible;,visible → visible.png
screens\ChangePassword\ChangePassword.tsx,87,Asset_object_usage,Asset registry usage (icons),hidden → hidden.png,const iconConfirm = secureTextEntryConfirm ? icons.hidden : icons.visible;,hidden → hidden.png
screens\ChangePassword\ChangePassword.tsx,87,Asset_object_usage,Asset registry usage (icons),visible → visible.png,const iconConfirm = secureTextEntryConfirm ? icons.hidden : icons.visible;,visible → visible.png
screens\ChangePassword\ChangePassword.tsx,91,Asset_object_usage,"Asset registry usage (images, unresolved)",splash_background,source={images.splash_background},splash background
screens\ChangePassword\ChangePassword.tsx,121,Asset_object_usage,Asset registry usage (images),main → main.png,<Image source={images.main} style={styles.logo} />,main → main.png
screens\ChecklistForm\components\FormField\Fields\MediaField\MediaField.tsx,170,Asset_object_usage,Asset registry usage (icons),camera → camera.png,icon={icons.camera},camera → camera.png
screens\ChecklistForm\components\FormField\Fields\MediaField\MediaField.tsx,177,Asset_object_usage,Asset registry usage (icons),upload_2 → upload_2.png,icon={icons.upload_2},upload 2 → upload 2.png
screens\ChecklistForm\components\SectionHeader\SectionHeader.tsx,46,Asset_object_usage,Asset registry usage (icons),checkmark → checkmark.png,<Image source={icons.checkmark} style={styles.completionCheckmarkIcon} />,checkmark → checkmark.png
screens\ChecklistForm\components\SideBarItemComplete\SideBarItemComplete.tsx,36,Asset_object_usage,Asset registry usage (icons),checkmark → checkmark.png,<Image source={icons.checkmark} style={styles.completionCheckmarkIcon} />,checkmark → checkmark.png
screens\ChecklistForm\components\SideBarMenu\SideBarMenu.tsx,79,Asset_object_usage,Asset registry usage (icons),close → close.png,icon={icons.close},close → close.png
screens\ChecklistList\ChecklistListUI.tsx,45,Asset_object_usage,Asset registry usage (icons),trash_icon → trash_icon.png,"icon: icons.trash_icon,",trash icon → trash icon.png
screens\ChecklistList\ChecklistListUI.tsx,56,Asset_object_usage,Asset registry usage (icons),reset → reset.png,"icon: icons.reset,",reset → reset.png
screens\ChecklistList\ChecklistListUI.tsx,98,Asset_object_usage,Asset registry usage (images),tasksImage → tasks_image.png,<Image source={images.tasksImage} style={styles.placeholderImage} />,tasks image → tasks image.png
screens\ChecklistList\ChecklistListUI.tsx,121,Asset_object_usage,Asset registry usage (icons),checklists_add → checklists_add.png,icon={icons.checklists_add},checklists add → checklists add.png
screens\ChecklistTemplates\ChecklistTemplatesUI.tsx,50,Asset_object_usage,Asset registry usage (images),tasksImage → tasks_image.png,<Image source={images.tasksImage} style={styles.placeholderImage} />,tasks image → tasks image.png
screens\DistantPhotoReview\components\ReviewList\ReviewList.tsx,123,Asset_object_usage,Asset registry usage (icons),warning → warning.png,<Image source={icons.warning} style={styles.warningIcon} />,warning → warning.png
screens\HelpCenter\HelpCenterLink\HelpCenterLink.tsx,53,Asset_object_usage,Asset registry usage (icons),envelope → envelope.png,source={isEmail ? icons.envelope : icons.up_right_from_square},envelope → envelope.png
screens\HelpCenter\HelpCenterLink\HelpCenterLink.tsx,53,Asset_object_usage,Asset registry usage (icons),up_right_from_square → up_right_from_square.png,source={isEmail ? icons.envelope : icons.up_right_from_square},up right from square → up right from square.png
screens\HelpCenter\HelpCenterLink\HelpCenterLink.tsx,57,Asset_object_usage,Asset registry usage (icons),arrow_down_gray → arrow_down_gray.png,<Image source={icons.arrow_down_gray} style={styles.iconCaret} />,arrow down gray → arrow down gray.png
screens\ImageEditor\components\Footer\Footer.tsx,25,Asset_object_usage,Asset registry usage (icons),camera_filled → camera_filled.png,<Image source={icons.camera_filled} style={styles.buttonIcon} />,camera filled → camera filled.png
screens\ImageEditor\components\Footer\Footer.tsx,35,Asset_object_usage,Asset registry usage (icons),gallery_icon → gallery_icon.png,<Image source={icons.gallery_icon} style={styles.buttonIcon} />,gallery icon → gallery icon.png
screens\LocationPicker\LocationPicker.tsx,205,Asset_object_usage,Asset registry usage (icons),marker → marker.png,<Image source={icons.marker} style={movingMarker ? styles.movingMarker : null} />,marker → marker.png
screens\LocationPicker\LocationPicker.tsx,242,Asset_object_usage,Asset registry usage (icons),edit_location → edit_location.png,icon={icons.edit_location},edit location → edit location.png
screens\Login\Login.tsx,54,Asset_object_usage,Asset registry usage (icons),hidden → hidden.png,"const icon = useMemo(() => (secureTextEntry ? icons.hidden : icons.visible), [secureTextEntry]);",hidden → hidden.png
screens\Login\Login.tsx,54,Asset_object_usage,Asset registry usage (icons),visible → visible.png,"const icon = useMemo(() => (secureTextEntry ? icons.hidden : icons.visible), [secureTextEntry]);",visible → visible.png
screens\Login\Login.tsx,86,Asset_object_usage,"Asset registry usage (images, unresolved)",splash_background,source={images.splash_background},splash background
screens\Login\Login.tsx,114,Asset_object_usage,Asset registry usage (images),main → main.png,<Image source={images.main} style={styles.logo} />,main → main.png
screens\MaintenanceReports\MaintenanceReports.tsx,93,Asset_object_usage,Asset registry usage (icons),plus → plus.png,icon={icons.plus},plus → plus.png
screens\Models\Models.tsx,205,Asset_object_usage,Asset registry usage (icons),reset → reset.png,icon={icons.reset},reset → reset.png
screens\Models\Models.tsx,214,Asset_object_usage,Asset registry usage (icons),reset → reset.png,icon={icons.reset},reset → reset.png
screens\Models\Models.tsx,224,Asset_object_usage,Asset registry usage (icons),white_close → white_close.png,icon={icons.white_close},white close → white close.png
screens\Models\Models.tsx,234,Asset_object_usage,Asset registry usage (icons),white_close → white_close.png,icon={icons.white_close},white close → white close.png
screens\Models\Models.tsx,246,Asset_object_usage,Asset registry usage (images),model → model.png,<Image source={images.model} style={styles.placeholderImage} />,model → model.png
screens\Models\components\AutoServiceLabel\AutoServiceLabel.tsx,20,Asset_object_usage,Asset registry usage (icons),auto_service → auto_service.png,<Image source={icons.auto_service} style={styles.icon} />,auto service → auto service.png
screens\Models\components\StatusHeader\StatusHeader.tsx,29,Asset_object_usage,Asset registry usage (images),model → model.png,<Image source={images.model} style={styles.placeholderImage} />,model → model.png
screens\More\More.tsx,90,Asset_object_usage,Asset registry usage (icons),default_user → default_user.png,"avatar={avatar ? { uri: `data:image/png;base64,${avatar}` } : icons.default_user}",default user → default user.png
screens\More\components\Cards\EmailLinkCard\EmailLinkCard.tsx,13,Asset_object_usage,Asset registry usage (icons),envelope → envelope.png,return <BaseLinkCard title={title} icon={icons.envelope} extraIconStyles={styles.iconEmail} />;,envelope → envelope.png
screens\More\components\Cards\ExternalLinkCard\ExternalLinkCard.tsx,12,Asset_object_usage,Asset registry usage (icons),up_right_from_square → up_right_from_square.png,return <BaseLinkCard title={title} icon={icons.up_right_from_square} />;,up right from square → up right from square.png
screens\More\components\NavItem\NavItem.tsx,46,Asset_object_usage,Asset registry usage (icons),arrow_down_gray → arrow_down_gray.png,<Image source={icons.arrow_down_gray} style={styles.iconCaret} />,arrow down gray → arrow down gray.png
screens\Notes\NotesUI.tsx,66,Asset_object_usage,Asset registry usage (icons),pencil → pencil.png,"icon: icons.pencil,",pencil → pencil.png
screens\Notes\NotesUI.tsx,73,Asset_object_usage,Asset registry usage (icons),trash_icon → trash_icon.png,"icon: icons.trash_icon,",trash icon → trash icon.png
screens\Notes\NotesUI.tsx,101,Asset_object_usage,Asset registry usage (images),notes → notes.png,<Image source={images.notes} />,notes → notes.png
screens\Notes\components\NoteCard\NoteCard.tsx,115,Asset_object_usage,Asset registry usage (icons),default_user → default_user.png,source={icons.default_user},default user → default user.png
screens\Notes\components\NoteInput\NoteInput.tsx,141,Asset_object_usage,Asset registry usage (icons),gallery_icon → gallery_icon.png,<Image source={icons.gallery_icon} style={styles.imageButtonIcon} />,gallery icon → gallery icon.png
screens\Notes\components\SendButton\SendButton.tsx,25,Asset_object_usage,Asset registry usage (icons),send → send.png,"<Image source={icons.send} style={[styles.iconHeader, disabled && styles.buttonDisabled]} />",send → send.png
screens\NotificationCenter\components\ButtonColumn\ButtonColumn.tsx,19,Asset_object_usage,Asset registry usage (icons),setting_icon → setting_icon.png,<Image style={styles.image} source={icons.setting_icon} />,setting icon → setting icon.png
screens\NotificationCenter\components\mentionComponents\MentionIcon\MentionIcon.tsx,18,Asset_object_usage,Asset registry usage (icons),comment_icon → comment-icon.png,"<Image style={[styles.icon, highlightedIcon]} source={icons.comment_icon} />",comment icon → comment icon.png
screens\PickedDocumentsFilter\components\MapFilter\MapFilter.tsx,181,Asset_object_usage,Asset registry usage (icons),file_marker → file_marker.png,<MapboxGL.Images images={{ marker: icons.file_marker }} />,file marker → file marker.png
screens\PickedDocumentsFilter\components\MapFilter\MapFilter.tsx,244,Asset_object_usage,Asset registry usage (icons),marker → marker.png,<Image source={icons.marker} />,marker → marker.png
screens\PricingTierPermissions\PricingTierPermissions.tsx,29,Asset_object_usage,"Asset registry usage (images, unresolved)",splash_background,source={images.splash_background},splash background
screens\PricingTierPermissions\PricingTierPermissions.tsx,34,Asset_object_usage,Asset registry usage (images),main → main.png,<Image source={images.main} style={styles.logo} />,main → main.png
screens\Profile\Profile.tsx,248,Asset_object_usage,Asset registry usage (icons),default_user → default_user.png,"avatar ? { uri: `data:image/png;base64,${avatar}` } : icons.default_user",default user → default user.png
screens\Profile\Profile.tsx,393,Asset_object_usage,Asset registry usage (icons),default_user → default_user.png,"avatar ? { uri: `data:image/png;base64,${avatar}` } : icons.default_user",default user → default user.png
screens\Profile\Profile.tsx,398,Asset_object_usage,Asset registry usage (icons),chat → chat.png,<Image source={icons.chat} />,chat → chat.png
screens\ProjectAdmin\ProjectAdmin.tsx,196,Asset_object_usage,Asset registry usage (icons),trash_icon → trash_icon.png,"icon: icons.trash_icon,",trash icon → trash icon.png
screens\ProjectAdmin\components\FolderCard\FolderCard.tsx,18,Asset_object_usage,Asset registry usage (icons),folder_icon → folder_icon.png,<Image source={icons.folder_icon} style={styles.folderIcon} />,folder icon → folder icon.png
screens\ProjectAdmin\components\FolderCard\FolderCard.tsx,26,Asset_object_usage,Asset registry usage (icons),close → close.png,<Image source={icons.close} style={styles.closeIcon} />,close → close.png
screens\ProjectAdmin\components\TeammateCard\TeammateCard.tsx,27,Asset_object_usage,Asset registry usage (icons),default_user → default_user.png,: icons.default_user,default user → default user.png
screens\ProjectAdmin\components\TeammateCard\TeammateCard.tsx,50,Asset_object_usage,Asset registry usage (icons),close → close.png,<Image style={styles.deleteIcon} source={icons.close} />,close → close.png
screens\ProjectDetails\ProjectDetails.tsx,266,Asset_object_usage,Asset registry usage (icons),project_title → project-title-icon.png,"icon: icons.project_title,",project title → project title icon.png
screens\ProjectDetails\ProjectDetails.tsx,286,Asset_object_usage,Asset registry usage (icons),site_data → site-data-icon.png,"icon: icons.site_data,",site data → site data icon.png
screens\ProjectDetails\ProjectDetails.tsx,313,Asset_object_usage,Asset registry usage (icons),designs → designs-icon.png,"icon: icons.designs,",designs → designs icon.png
screens\ProjectDetails\ProjectDetails.tsx,322,Asset_object_usage,Asset registry usage (icons),maintenance → maintenance.png,"icon: icons.maintenance,",maintenance → maintenance.png
screens\ProjectDetails\ProjectDetails.tsx,331,Asset_object_usage,Asset registry usage (icons),comment_icon → comment-icon.png,"icon: icons.comment_icon,",comment icon → comment icon.png
screens\ProjectDetails\ProjectDetails.tsx,340,Asset_object_usage,Asset registry usage (icons),trash_icon → trash_icon.png,"icon: icons.trash_icon,",trash icon → trash icon.png
screens\ProjectDetails\ProjectDetails.tsx,351,Asset_object_usage,Asset registry usage (icons),upload → upload.png,"icon: icons.upload,",upload → upload.png
screens\Projects\components\MapPermissions\MapPermissions.tsx,24,Asset_object_usage,"Asset registry usage (images, unresolved)",splash_background,source={images.splash_background},splash background
screens\Projects\components\MapPermissions\MapPermissions.tsx,29,Asset_object_usage,Asset registry usage (images),main → main.png,<Image source={images.main} style={styles.logo} />,main → main.png
screens\Projects\components\MapPermissions\MapPermissions.tsx,41,Asset_object_usage,Asset registry usage (icons),checkmark → checkmark.png,<Image source={icons.checkmark} style={styles.icon} />,checkmark → checkmark.png
screens\Projects\components\SearchBar\SearchBar.tsx,44,Asset_object_usage,Asset registry usage (icons),close → close.png,<Image source={icons.close} style={styles.iconImage} />,close → close.png
screens\Projects\components\SearchBar\SearchBar.tsx,53,Asset_object_usage,Asset registry usage (images),logo → logo.png,<Image source={images.logo} style={styles.logo} />,logo → logo.png
screens\Projects\components\SearchBar\SearchBar.tsx,61,Asset_object_usage,Asset registry usage (icons),search_icon → search_icon.png,<Image source={icons.search_icon} style={styles.searchIcon} />,search icon → search icon.png
screens\Projects\components\SearchBar\SearchBar.tsx,76,Asset_object_usage,Asset registry usage (icons),filter_list → filter_list.png,<Image source={icons.filter_list} style={styles.iconImage} />,filter list → filter list.png
screens\Projects\components\SearchBar\SearchBar.tsx,88,Asset_object_usage,Asset registry usage (icons),list → list.png,<Image source={isMap ? icons.list : icons.map} style={styles.iconImage} />,list → list.png
screens\Projects\components\SearchBar\SearchBar.tsx,88,Asset_object_usage,Asset registry usage (icons),map → map.png,<Image source={isMap ? icons.list : icons.map} style={styles.iconImage} />,map → map.png
screens\ProjectsFilters\components\FolderFilters\FolderItem\FolderItem.tsx,17,Asset_object_usage,Asset registry usage (icons),folder_icon → folder_icon.png,<Image source={icons.folder_icon} style={styles.folderIcon} />,folder icon → folder icon.png
screens\ResetPassword\ResetPassword.tsx,60,Asset_object_usage,"Asset registry usage (images, unresolved)",splash_background,source={images.splash_background},splash background
screens\ResetPassword\ResetPassword.tsx,91,Asset_object_usage,Asset registry usage (images),main → main.png,<Image source={images.main} style={styles.logo} />,main → main.png
screens\TaskManager\TaskManager.tsx,149,Asset_object_usage,Asset registry usage (images),tasksImage → tasks_image.png,<Image source={images.tasksImage} style={styles.placeholderImage} />,tasks image → tasks image.png
screens\TaskManager\TaskManager.tsx,172,Asset_object_usage,Asset registry usage (icons),question_mark → question_mark.png,icon={icons.question_mark},question mark → question mark.png
screens\TaskManagerAlbums\components\AlbumsListView\AlbumsListView.test.tsx,223,Asset_object_usage,Asset registry usage (icons),category → category.png,expect(droneMediaCategoryListItemImage.props.source).toBe(icons.category);,category → category.png
screens\TaskManagerAlbums\components\AlbumsListView\AlbumsListView.test.tsx,237,Asset_object_usage,Asset registry usage (icons),category → category.png,expect(noteMediaCategoryListItemImage.props.source).toBe(icons.category);,category → category.png
screens\TaskManagerAlbums\components\AlbumsListView\AlbumsListView.test.tsx,250,Asset_object_usage,Asset registry usage (icons),categories → categories.png,expect(customMediaCategoryListItemImage.props.source).toBe(icons.categories);,categories → categories.png
screens\TaskManagerAlbums\components\AlbumsListView\AlbumsListView.tsx,125,Asset_object_usage,Asset registry usage (icons),trash_icon → trash_icon.png,"icon: icons.trash_icon,",trash icon → trash icon.png
screens\TaskManagerAlbums\components\AlbumsListView\AlbumsListView.tsx,141,Asset_object_usage,Asset registry usage (icons),play → play.png,"icon: icons.play,",play → play.png
screens\TaskManagerAlbums\components\AlbumsListView\AlbumsListView.tsx,171,Asset_object_usage,Asset registry usage (icons),categories → categories.png,icon={item.type === ALBUM_TYPES.project ? icons.categories : icons.category},categories → categories.png
screens\TaskManagerAlbums\components\AlbumsListView\AlbumsListView.tsx,171,Asset_object_usage,Asset registry usage (icons),category → category.png,icon={item.type === ALBUM_TYPES.project ? icons.categories : icons.category},category → category.png
screens\Update\Update.tsx,27,Asset_object_usage,"Asset registry usage (images, unresolved)",splash_background,source={images.splash_background},splash background
screens\Update\Update.tsx,32,Asset_object_usage,Asset registry usage (images),main → main.png,<Image source={images.main} style={styles.logo} />,main → main.png
assets\icons\add_circle@2x.png,,SVG_asset,Local icon asset,add_circle@2x.png,,add circle@2x
assets\icons\add_circle@3x.png,,SVG_asset,Local icon asset,add_circle@3x.png,,add circle@3x
assets\icons\add_circle_active@2x.png,,SVG_asset,Local icon asset,add_circle_active@2x.png,,add circle active@2x
assets\icons\add_circle_active@3x.png,,SVG_asset,Local icon asset,add_circle_active@3x.png,,add circle active@3x
assets\icons\alarm@2x.png,,SVG_asset,Local icon asset,alarm@2x.png,,alarm@2x
assets\icons\alarm@3x.png,,SVG_asset,Local icon asset,alarm@3x.png,,alarm@3x
assets\icons\area@2x.png,,SVG_asset,Local icon asset,area@2x.png,,area@2x
assets\icons\area@3x.png,,SVG_asset,Local icon asset,area@3x.png,,area@3x
assets\icons\arrows@2x.png,,SVG_asset,Local icon asset,arrows@2x.png,,arrows@2x
assets\icons\arrows@3x.png,,SVG_asset,Local icon asset,arrows@3x.png,,arrows@3x
assets\icons\arrows_h@2x.png,,SVG_asset,Local icon asset,arrows_h@2x.png,,arrows h@2x
assets\icons\arrows_h@3x.png,,SVG_asset,Local icon asset,arrows_h@3x.png,,arrows h@3x
assets\icons\arrows_v@2x.png,,SVG_asset,Local icon asset,arrows_v@2x.png,,arrows v@2x
assets\icons\arrows_v@3x.png,,SVG_asset,Local icon asset,arrows_v@3x.png,,arrows v@3x
assets\icons\arrow_down@2x.png,,SVG_asset,Local icon asset,arrow_down@2x.png,,arrow down@2x
assets\icons\arrow_down@3x.png,,SVG_asset,Local icon asset,arrow_down@3x.png,,arrow down@3x
assets\icons\arrow_down_gray@2x.png,,SVG_asset,Local icon asset,arrow_down_gray@2x.png,,arrow down gray@2x
assets\icons\arrow_down_gray@3x.png,,SVG_asset,Local icon asset,arrow_down_gray@3x.png,,arrow down gray@3x
assets\icons\arrow_left@2x.png,,SVG_asset,Local icon asset,arrow_left@2x.png,,arrow left@2x
assets\icons\arrow_left@3x.png,,SVG_asset,Local icon asset,arrow_left@3x.png,,arrow left@3x
assets\icons\arrow_right@2x.png,,SVG_asset,Local icon asset,arrow_right@2x.png,,arrow right@2x
assets\icons\arrow_right@3x.png,,SVG_asset,Local icon asset,arrow_right@3x.png,,arrow right@3x
assets\icons\arrow_up@2x.png,,SVG_asset,Local icon asset,arrow_up@2x.png,,arrow up@2x
assets\icons\arrow_up@3x.png,,SVG_asset,Local icon asset,arrow_up@3x.png,,arrow up@3x
assets\icons\auto_service@2x.png,,SVG_asset,Local icon asset,auto_service@2x.png,,auto service@2x
assets\icons\auto_service@3x.png,,SVG_asset,Local icon asset,auto_service@3x.png,,auto service@3x
assets\icons\azimuth@2x.png,,SVG_asset,Local icon asset,azimuth@2x.png,,azimuth@2x
assets\icons\azimuth@3x.png,,SVG_asset,Local icon asset,azimuth@3x.png,,azimuth@3x
assets\icons\back_white@2x.png,,SVG_asset,Local icon asset,back_white@2x.png,,back white@2x
assets\icons\back_white@3x.png,,SVG_asset,Local icon asset,back_white@3x.png,,back white@3x
assets\icons\bolt@2x.png,,SVG_asset,Local icon asset,bolt@2x.png,,bolt@2x
assets\icons\bolt@3x.png,,SVG_asset,Local icon asset,bolt@3x.png,,bolt@3x
assets\icons\calendar@2x.png,,SVG_asset,Local icon asset,calendar@2x.png,,calendar@2x
assets\icons\calendar@3.png,,SVG_asset,Local icon asset,calendar@3.png,,calendar@3
assets\icons\camera@2x.png,,SVG_asset,Local icon asset,camera@2x.png,,camera@2x
assets\icons\camera@3x.png,,SVG_asset,Local icon asset,camera@3x.png,,camera@3x
assets\icons\camera_filled@2x.png,,SVG_asset,Local icon asset,camera_filled@2x.png,,camera filled@2x
assets\icons\camera_filled@3x.png,,SVG_asset,Local icon asset,camera_filled@3x.png,,camera filled@3x
assets\icons\cancel@2x.png,,SVG_asset,Local icon asset,cancel@2x.png,,cancel@2x
assets\icons\cancel@3x.png,,SVG_asset,Local icon asset,cancel@3x.png,,cancel@3x
assets\icons\capture_and_edit@2x.png,,SVG_asset,Local icon asset,capture_and_edit@2x.png,,capture and edit@2x
assets\icons\capture_and_edit@3x.png,,SVG_asset,Local icon asset,capture_and_edit@3x.png,,capture and edit@3x
assets\icons\capture_and_edit_inactive@2x.png,,SVG_asset,Local icon asset,capture_and_edit_inactive@2x.png,,capture and edit inactive@2x
assets\icons\capture_and_edit_inactive@3x.png,,SVG_asset,Local icon asset,capture_and_edit_inactive@3x.png,,capture and edit inactive@3x
assets\icons\categories@2x.png,,SVG_asset,Local icon asset,categories@2x.png,,categories@2x
assets\icons\categories@3x.png,,SVG_asset,Local icon asset,categories@3x.png,,categories@3x
assets\icons\category@2x.png,,SVG_asset,Local icon asset,category@2x.png,,category@2x
assets\icons\category@3x.png,,SVG_asset,Local icon asset,category@3x.png,,category@3x
assets\icons\change_history@2x.png,,SVG_asset,Local icon asset,change_history@2x.png,,change history@2x
assets\icons\change_history@3x.png,,SVG_asset,Local icon asset,change_history@3x.png,,change history@3x
assets\icons\chat@2x.png,,SVG_asset,Local icon asset,chat@2x.png,,chat@2x
assets\icons\chat@3x.png,,SVG_asset,Local icon asset,chat@3x.png,,chat@3x
assets\icons\checklists@2x.png,,SVG_asset,Local icon asset,checklists@2x.png,,checklists@2x
assets\icons\checklists@3x.png,,SVG_asset,Local icon asset,checklists@3x.png,,checklists@3x
assets\icons\checklists_add@x2.png,,SVG_asset,Local icon asset,checklists_add@x2.png,,checklists add@x2
assets\icons\checklists_add@x3.png,,SVG_asset,Local icon asset,checklists_add@x3.png,,checklists add@x3
assets\icons\checkmark@2x.png,,SVG_asset,Local icon asset,checkmark@2x.png,,checkmark@2x
assets\icons\checkmark@3x.png,,SVG_asset,Local icon asset,checkmark@3x.png,,checkmark@3x
assets\icons\chevron_left@2x.png,,SVG_asset,Local icon asset,chevron_left@2x.png,,chevron left@2x
assets\icons\chevron_left@3x.png,,SVG_asset,Local icon asset,chevron_left@3x.png,,chevron left@3x
assets\icons\chevron_right@2x.png,,SVG_asset,Local icon asset,chevron_right@2x.png,,chevron right@2x
assets\icons\chevron_right@3x.png,,SVG_asset,Local icon asset,chevron_right@3x.png,,chevron right@3x
assets\icons\circle@2x.png,,SVG_asset,Local icon asset,circle@2x.png,,circle@2x
assets\icons\circle@3x.png,,SVG_asset,Local icon asset,circle@3x.png,,circle@3x
assets\icons\clock@2x.png,,SVG_asset,Local icon asset,clock@2x.png,,clock@2x
assets\icons\clock@3x.png,,SVG_asset,Local icon asset,clock@3x.png,,clock@3x
assets\icons\close@2x.png,,SVG_asset,Local icon asset,close@2x.png,,close@2x
assets\icons\close@3x.png,,SVG_asset,Local icon asset,close@3x.png,,close@3x
assets\icons\close_small@2x.png,,SVG_asset,Local icon asset,close_small@2x.png,,close small@2x
assets\icons\close_small@3x.png,,SVG_asset,Local icon asset,close_small@3x.png,,close small@3x
assets\icons\comment-icon@2x.png,,SVG_asset,Local icon asset,comment-icon@2x.png,,comment icon@2x
assets\icons\comment-icon@3x.png,,SVG_asset,Local icon asset,comment-icon@3x.png,,comment icon@3x
assets\icons\create_new_folder@2x.png,,SVG_asset,Local icon asset,create_new_folder@2x.png,,create new folder@2x
assets\icons\create_new_folder@3x.png,,SVG_asset,Local icon asset,create_new_folder@3x.png,,create new folder@3x
assets\icons\customer_info@2x.png,,SVG_asset,Local icon asset,customer_info@2x.png,,customer info@2x
assets\icons\customer_info@3x.png,,SVG_asset,Local icon asset,customer_info@3x.png,,customer info@3x
assets\icons\default_user@2x.png,,SVG_asset,Local icon asset,default_user@2x.png,,default user@2x
assets\icons\default_user@3x.png,,SVG_asset,Local icon asset,default_user@3x.png,,default user@3x
assets\icons\designs-icon@2x.png,,SVG_asset,Local icon asset,designs-icon@2x.png,,designs icon@2x
assets\icons\designs-icon@3x.png,,SVG_asset,Local icon asset,designs-icon@3x.png,,designs icon@3x
assets\icons\designs.png,,SVG_asset,Local icon asset,designs.png,,designs
assets\icons\designs@2x.png,,SVG_asset,Local icon asset,designs@2x.png,,designs@2x
assets\icons\designs@3x.png,,SVG_asset,Local icon asset,designs@3x.png,,designs@3x
assets\icons\draw@2x.png,,SVG_asset,Local icon asset,draw@2x.png,,draw@2x
assets\icons\draw@3x.png,,SVG_asset,Local icon asset,draw@3x.png,,draw@3x
assets\icons\drone@2x.png,,SVG_asset,Local icon asset,drone@2x.png,,drone@2x
assets\icons\drone@3x.png,,SVG_asset,Local icon asset,drone@3x.png,,drone@3x
assets\icons\edit_location@2x.png,,SVG_asset,Local icon asset,edit_location@2x.png,,edit location@2x
assets\icons\edit_location@3x.png,,SVG_asset,Local icon asset,edit_location@3x.png,,edit location@3x
assets\icons\edit_team@2x.png,,SVG_asset,Local icon asset,edit_team@2x.png,,edit team@2x
assets\icons\edit_team@3x.png,,SVG_asset,Local icon asset,edit_team@3x.png,,edit team@3x
assets\icons\envelope@2x.png,,SVG_asset,Local icon asset,envelope@2x.png,,envelope@2x
assets\icons\envelope@3x.png,,SVG_asset,Local icon asset,envelope@3x.png,,envelope@3x
assets\icons\exif_image_select@2x.png,,SVG_asset,Local icon asset,exif_image_select@2x.png,,exif image select@2x
assets\icons\exif_image_select@3x.png,,SVG_asset,Local icon asset,exif_image_select@3x.png,,exif image select@3x
assets\icons\file_icon@2x.png,,SVG_asset,Local icon asset,file_icon@2x.png,,file icon@2x
assets\icons\file_icon@3x.png,,SVG_asset,Local icon asset,file_icon@3x.png,,file icon@3x
assets\icons\file_marker@2x.png,,SVG_asset,Local icon asset,file_marker@2x.png,,file marker@2x
assets\icons\file_marker@3x.png,,SVG_asset,Local icon asset,file_marker@3x.png,,file marker@3x
assets\icons\filter_list@2x.png,,SVG_asset,Local icon asset,filter_list@2x.png,,filter list@2x
assets\icons\filter_list@3x.png,,SVG_asset,Local icon asset,filter_list@3x.png,,filter list@3x
assets\icons\folder_check@2x.png,,SVG_asset,Local icon asset,folder_check@2x.png,,folder check@2x
assets\icons\folder_check@3x.png,,SVG_asset,Local icon asset,folder_check@3x.png,,folder check@3x
assets\icons\folder_icon@2x.png,,SVG_asset,Local icon asset,folder_icon@2x.png,,folder icon@2x
assets\icons\folder_icon@3x.png,,SVG_asset,Local icon asset,folder_icon@3x.png,,folder icon@3x
assets\icons\folder_upload@2x.png,,SVG_asset,Local icon asset,folder_upload@2x.png,,folder upload@2x
assets\icons\folder_upload@3x.png,,SVG_asset,Local icon asset,folder_upload@3x.png,,folder upload@3x
assets\icons\full_screen@2x.png,,SVG_asset,Local icon asset,full_screen@2x.png,,full screen@2x
assets\icons\full_screen@3x.png,,SVG_asset,Local icon asset,full_screen@3x.png,,full screen@3x
assets\icons\full_size@2x.png,,SVG_asset,Local icon asset,full_size@2x.png,,full size@2x
assets\icons\full_size@3x.png,,SVG_asset,Local icon asset,full_size@3x.png,,full size@3x
assets\icons\gallery@2x.png,,SVG_asset,Local icon asset,gallery@2x.png,,gallery@2x
assets\icons\gallery@3x.png,,SVG_asset,Local icon asset,gallery@3x.png,,gallery@3x
assets\icons\gallery_icon@2x.png,,SVG_asset,Local icon asset,gallery_icon@2x.png,,gallery icon@2x
assets\icons\gallery_icon@3x.png,,SVG_asset,Local icon asset,gallery_icon@3x.png,,gallery icon@3x
assets\icons\hamburger@2x.png,,SVG_asset,Local icon asset,hamburger@2x.png,,hamburger@2x
assets\icons\hamburger@3x.png,,SVG_asset,Local icon asset,hamburger@3x.png,,hamburger@3x
assets\icons\hidden@2x.png,,SVG_asset,Local icon asset,hidden@2x.png,,hidden@2x
assets\icons\hidden@3x.png,,SVG_asset,Local icon asset,hidden@3x.png,,hidden@3x
assets\icons\info@2x.png,,SVG_asset,Local icon asset,info@2x.png,,info@2x
assets\icons\info@3x.png,,SVG_asset,Local icon asset,info@3x.png,,info@3x
assets\icons\layer@2x.png,,SVG_asset,Local icon asset,layer@2x.png,,layer@2x
assets\icons\layer@3x.png,,SVG_asset,Local icon asset,layer@3x.png,,layer@3x
assets\icons\library@2x.png,,SVG_asset,Local icon asset,library@2x.png,,library@2x
assets\icons\library@3x.png,,SVG_asset,Local icon asset,library@3x.png,,library@3x
assets\icons\list@2x.png,,SVG_asset,Local icon asset,list@2x.png,,list@2x
assets\icons\list@3x.png,,SVG_asset,Local icon asset,list@3x.png,,list@3x
assets\icons\maintenance@2x.png,,SVG_asset,Local icon asset,maintenance@2x.png,,maintenance@2x
assets\icons\maintenance@3x.png,,SVG_asset,Local icon asset,maintenance@3x.png,,maintenance@3x
assets\icons\map@2x.png,,SVG_asset,Local icon asset,map@2x.png,,map@2x
assets\icons\map@3x.png,,SVG_asset,Local icon asset,map@3x.png,,map@3x
assets\icons\marker@2x.png,,SVG_asset,Local icon asset,marker@2x.png,,marker@2x
assets\icons\marker@3x.png,,SVG_asset,Local icon asset,marker@3x.png,,marker@3x
assets\icons\more@2x.png,,SVG_asset,Local icon asset,more@2x.png,,more@2x
assets\icons\more@3x.png,,SVG_asset,Local icon asset,more@3x.png,,more@3x
assets\icons\new_note@2x.png,,SVG_asset,Local icon asset,new_note@2x.png,,new note@2x
assets\icons\new_note@3x.png,,SVG_asset,Local icon asset,new_note@3x.png,,new note@3x
assets\icons\new_project@2x.png,,SVG_asset,Local icon asset,new_project@2x.png,,new project@2x
assets\icons\new_project@3x.png,,SVG_asset,Local icon asset,new_project@3x.png,,new project@3x
assets\icons\notes@2x.png,,SVG_asset,Local icon asset,notes@2x.png,,notes@2x
assets\icons\notes@3x.png,,SVG_asset,Local icon asset,notes@3x.png,,notes@3x
assets\icons\notifications@2x.png,,SVG_asset,Local icon asset,notifications@2x.png,,notifications@2x
assets\icons\notifications@3x.png,,SVG_asset,Local icon asset,notifications@3x.png,,notifications@3x
assets\icons\notifications_active@2x.png,,SVG_asset,Local icon asset,notifications_active@2x.png,,notifications active@2x
assets\icons\notifications_active@3x.png,,SVG_asset,Local icon asset,notifications_active@3x.png,,notifications active@3x
assets\icons\pause@2x.png,,SVG_asset,Local icon asset,pause@2x.png,,pause@2x
assets\icons\pause@3x.png,,SVG_asset,Local icon asset,pause@3x.png,,pause@3x
assets\icons\pencil@2x.png,,SVG_asset,Local icon asset,pencil@2x.png,,pencil@2x
assets\icons\pencil@3x.png,,SVG_asset,Local icon asset,pencil@3x.png,,pencil@3x
assets\icons\play@2x.png,,SVG_asset,Local icon asset,play@2x.png,,play@2x
assets\icons\play@3x.png,,SVG_asset,Local icon asset,play@3x.png,,play@3x
assets\icons\plus@2x.png,,SVG_asset,Local icon asset,plus@2x.png,,plus@2x
assets\icons\plus@3x.png,,SVG_asset,Local icon asset,plus@3x.png,,plus@3x
assets\icons\profile@2x.png,,SVG_asset,Local icon asset,profile@2x.png,,profile@2x
assets\icons\profile@3x.png,,SVG_asset,Local icon asset,profile@3x.png,,profile@3x
assets\icons\profile_active@2x.png,,SVG_asset,Local icon asset,profile_active@2x.png,,profile active@2x
assets\icons\profile_active@3x.png,,SVG_asset,Local icon asset,profile_active@3x.png,,profile active@3x
assets\icons\project-title-icon@2x.png,,SVG_asset,Local icon asset,project-title-icon@2x.png,,project title icon@2x
assets\icons\project-title-icon@3x.png,,SVG_asset,Local icon asset,project-title-icon@3x.png,,project title icon@3x
assets\icons\projects@2x.png,,SVG_asset,Local icon asset,projects@2x.png,,projects@2x
assets\icons\projects@3x.png,,SVG_asset,Local icon asset,projects@3x.png,,projects@3x
assets\icons\projects_active@2x.png,,SVG_asset,Local icon asset,projects_active@2x.png,,projects active@2x
assets\icons\projects_active@3x.png,,SVG_asset,Local icon asset,projects_active@3x.png,,projects active@3x
assets\icons\question_mark@2x.png,,SVG_asset,Local icon asset,question_mark@2x.png,,question mark@2x
assets\icons\question_mark@3x.png,,SVG_asset,Local icon asset,question_mark@3x.png,,question mark@3x
assets\icons\rapid_shot@2x.png,,SVG_asset,Local icon asset,rapid_shot@2x.png,,rapid shot@2x
assets\icons\rapid_shot@3x.png,,SVG_asset,Local icon asset,rapid_shot@3x.png,,rapid shot@3x
assets\icons\record@2x.png,,SVG_asset,Local icon asset,record@2x.png,,record@2x
assets\icons\record@3x.png,,SVG_asset,Local icon asset,record@3x.png,,record@3x
assets\icons\recording@2x.png,,SVG_asset,Local icon asset,recording@2x.png,,recording@2x
assets\icons\recording@3x.png,,SVG_asset,Local icon asset,recording@3x.png,,recording@3x
assets\icons\reset@2x.png,,SVG_asset,Local icon asset,reset@2x.png,,reset@2x
assets\icons\reset@3x.png,,SVG_asset,Local icon asset,reset@3x.png,,reset@3x
assets\icons\save@2x.png,,SVG_asset,Local icon asset,save@2x.png,,save@2x
assets\icons\save@3x.png,,SVG_asset,Local icon asset,save@3x.png,,save@3x
assets\icons\search_icon@2x.png,,SVG_asset,Local icon asset,search_icon@2x.png,,search icon@2x
assets\icons\search_icon@3x.png,,SVG_asset,Local icon asset,search_icon@3x.png,,search icon@3x
assets\icons\send@2x.png,,SVG_asset,Local icon asset,send@2x.png,,send@2x
assets\icons\send@3x.png,,SVG_asset,Local icon asset,send@3x.png,,send@3x
assets\icons\setting_icon@2x.png,,SVG_asset,Local icon asset,setting_icon@2x.png,,setting icon@2x
assets\icons\setting_icon@3x.png,,SVG_asset,Local icon asset,setting_icon@3x.png,,setting icon@3x
assets\icons\site-data-icon@2x.png,,SVG_asset,Local icon asset,site-data-icon@2x.png,,site data icon@2x
assets\icons\site-data-icon@3x.png,,SVG_asset,Local icon asset,site-data-icon@3x.png,,site data icon@3x
assets\icons\stop@2x.png,,SVG_asset,Local icon asset,stop@2x.png,,stop@2x
assets\icons\stop@3x.png,,SVG_asset,Local icon asset,stop@3x.png,,stop@3x
assets\icons\tag@2x.png,,SVG_asset,Local icon asset,tag@2x.png,,tag@2x
assets\icons\tag@3x.png,,SVG_asset,Local icon asset,tag@3x.png,,tag@3x
assets\icons\tasks@2x.png,,SVG_asset,Local icon asset,tasks@2x.png,,tasks@2x
assets\icons\tasks@3x.png,,SVG_asset,Local icon asset,tasks@3x.png,,tasks@3x
assets\icons\tasks_active@2x.png,,SVG_asset,Local icon asset,tasks_active@2x.png,,tasks active@2x
assets\icons\tasks_active@3x.png,,SVG_asset,Local icon asset,tasks_active@3x.png,,tasks active@3x
assets\icons\team_icon@2x.png,,SVG_asset,Local icon asset,team_icon@2x.png,,team icon@2x
assets\icons\team_icon@3x.png,,SVG_asset,Local icon asset,team_icon@3x.png,,team icon@3x
assets\icons\team_tags@2x.png,,SVG_asset,Local icon asset,team_tags@2x.png,,team tags@2x
assets\icons\team_tags@3x.png,,SVG_asset,Local icon asset,team_tags@3x.png,,team tags@3x
assets\icons\tick@2x.png,,SVG_asset,Local icon asset,tick@2x.png,,tick@2x
assets\icons\tick@3x.png,,SVG_asset,Local icon asset,tick@3x.png,,tick@3x
assets\icons\tilt@2x.png,,SVG_asset,Local icon asset,tilt@2x.png,,tilt@2x
assets\icons\tilt@3x.png,,SVG_asset,Local icon asset,tilt@3x.png,,tilt@3x
assets\icons\trash_icon@2x.png,,SVG_asset,Local icon asset,trash_icon@2x.png,,trash icon@2x
assets\icons\trash_icon@3x.png,,SVG_asset,Local icon asset,trash_icon@3x.png,,trash icon@3x
assets\icons\undo@2x.png,,SVG_asset,Local icon asset,undo@2x.png,,undo@2x
assets\icons\undo@3x.png,,SVG_asset,Local icon asset,undo@3x.png,,undo@3x
assets\icons\upload@2x.png,,SVG_asset,Local icon asset,upload@2x.png,,upload@2x
assets\icons\upload_2@2x.png,,SVG_asset,Local icon asset,upload_2@2x.png,,upload 2@2x
assets\icons\upload_2@3x.png,,SVG_asset,Local icon asset,upload_2@3x.png,,upload 2@3x
assets\icons\up_right_from_square@2x.png,,SVG_asset,Local icon asset,up_right_from_square@2x.png,,up right from square@2x
assets\icons\up_right_from_square@3x.png,,SVG_asset,Local icon asset,up_right_from_square@3x.png,,up right from square@3x
assets\icons\visible@2x.png,,SVG_asset,Local icon asset,visible@2x.png,,visible@2x
assets\icons\visible@3x.png,,SVG_asset,Local icon asset,visible@3x.png,,visible@3x
assets\icons\warning@2x.png,,SVG_asset,Local icon asset,warning@2x.png,,warning@2x
assets\icons\warning@3x.png,,SVG_asset,Local icon asset,warning@3x.png,,warning@3x
assets\icons\white_close@2x.png,,SVG_asset,Local icon asset,white_close@2x.png,,white close@2x
assets\icons\white_close@3x.png,,SVG_asset,Local icon asset,white_close@3x.png,,white close@3x
assets\images\albums@2x.png,,SVG_asset,Local icon asset,albums@2x.png,,albums@2x
assets\images\albums@3x.png,,SVG_asset,Local icon asset,albums@3x.png,,albums@3x
assets\images\logo@2x.png,,SVG_asset,Local icon asset,logo@2x.png,,logo@2x
assets\images\logo@3x.png,,SVG_asset,Local icon asset,logo@3x.png,,logo@3x
assets\images\main@2x.png,,SVG_asset,Local icon asset,main@2x.png,,main@2x
assets\images\main@3x.png,,SVG_asset,Local icon asset,main@3x.png,,main@3x
assets\images\model@2x.png,,SVG_asset,Local icon asset,model@2x.png,,model@2x
assets\images\model@3x.png,,SVG_asset,Local icon asset,model@3x.png,,model@3x
assets\images\notes@2x.png,,SVG_asset,Local icon asset,notes@2x.png,,notes@2x
assets\images\notes@3x.png,,SVG_asset,Local icon asset,notes@3x.png,,notes@3x
assets\images\slider@2x.png,,SVG_asset,Local icon asset,slider@2x.png,,slider@2x
assets\images\slider@3x.png,,SVG_asset,Local icon asset,slider@3x.png,,slider@3x
assets\images\splash_background_mobile@2x.png,,SVG_asset,Local icon asset,splash_background_mobile@2x.png,,splash background mobile@2x
assets\images\splash_background_mobile@3x.png,,SVG_asset,Local icon asset,splash_background_mobile@3x.png,,splash background mobile@3x
assets\images\splash_background_tablet@2x.png,,SVG_asset,Local icon asset,splash_background_tablet@2x.png,,splash background tablet@2x
assets\images\splash_background_tablet@3x.png,,SVG_asset,Local icon asset,splash_background_tablet@3x.png,,splash background tablet@3x
assets\images\tasks_image@2x.png,,SVG_asset,Local icon asset,tasks_image@2x.png,,tasks image@2x
assets\images\tasks_image@3x.png,,SVG_asset,Local icon asset,tasks_image@3x.png,,tasks image@3x
